,Borough,hour_of_day,day_of_week,minutes_per_mile,traffic
0,Bronx,0,Tuesday,4.2078580481622305,62850
1,Bronx,1,Sunday,4.297612563543936,108220
2,Bronx,2,Saturday,4.182630906768837,63190
3,Bronx,3,Tuesday,3.7745098039215685,18890
4,Bronx,8,Monday,5.353238265002971,132860
5,Bronx,8,Saturday,4.268203933962656,84020
6,Bronx,8,Tuesday,5.430303030303031,144210
7,Bronx,9,Tuesday,5.134843581445524,123190
8,Bronx,9,Wednesday,5.096531758805481,128060
9,Bronx,10,Sunday,4.375,81680
10,Bronx,11,Thursday,5.388257575757575,110570
11,Bronx,12,Wednesday,5.456461586070832,112100
12,Bronx,13,Friday,5.703808922558922,122000
13,Bronx,16,Saturday,5.569105691056911,144450
14,Bronx,18,Wednesday,5.626598465473145,143250
15,Bronx,20,Sunday,4.772079772079772,121870
147,Brooklyn,0,Wednesday,4.602183575175839,139600
148,Brooklyn,1,Saturday,4.684538315732467,227230
149,Brooklyn,1,Sunday,4.752564709595959,265140
150,Brooklyn,2,Sunday,4.591584967320262,186040
151,Brooklyn,3,Friday,4.342435041087849,56820
152,Brooklyn,3,Sunday,4.503177678967917,137100
153,Brooklyn,4,Saturday,4.368254760123056,81420
154,Brooklyn,6,Wednesday,4.860139860139861,108270
155,Brooklyn,7,Friday,5.549169859514687,203700
156,Brooklyn,7,Saturday,4.54000396993241,117160
157,Brooklyn,7,Wednesday,5.696939812324427,197320
158,Brooklyn,9,Sunday,4.915188847039129,160920
159,Brooklyn,10,Saturday,5.3809440182057,223280
160,Brooklyn,10,Thursday,6.065396942800789,230340
161,Brooklyn,11,Sunday,5.37037037037037,231800
162,Brooklyn,12,Monday,6.0,199750
163,Brooklyn,13,Wednesday,6.3238108509847635,242880
164,Brooklyn,14,Thursday,6.638871312784357,268560
165,Brooklyn,14,Tuesday,6.54639175257732,252030
166,Brooklyn,16,Friday,6.784928073234525,326940
167,Brooklyn,17,Thursday,6.798527279871019,317740
168,Brooklyn,20,Friday,5.724400871459695,364330
169,Brooklyn,20,Sunday,5.373333333333333,272230
170,Brooklyn,22,Thursday,5.0747494842322425,263700
324,Manhattan,0,Sunday,5.118092356983988,417100
325,Manhattan,0,Tuesday,4.349717749398483,105940
326,Manhattan,0,Wednesday,4.460188933873145,136870
327,Manhattan,2,Thursday,4.261796042617961,61510
328,Manhattan,2,Wednesday,4.196217494089835,49130
329,Manhattan,7,Tuesday,5.312084993359894,277350
330,Manhattan,8,Sunday,4.25054950209749,120900
331,Manhattan,10,Friday,6.332540940306392,309630
332,Manhattan,10,Sunday,4.900199600798404,251030
333,Manhattan,10,Tuesday,6.4871027176416405,281380
334,Manhattan,12,Monday,6.268900423993016,263480
335,Manhattan,13,Saturday,6.186230347995053,395980
336,Manhattan,14,Monday,6.405038113140693,274300
337,Manhattan,14,Saturday,6.367924528301886,402270
338,Manhattan,16,Tuesday,6.798941798941799,310810
339,Manhattan,19,Thursday,6.244098016398487,491160
340,Manhattan,20,Sunday,5.343962416916154,321220
341,Manhattan,20,Thursday,5.820707070707071,411170
342,Manhattan,22,Sunday,4.830960102699233,263920
472,Queens,1,Tuesday,3.7871077184054283,40530
473,Queens,3,Wednesday,3.359918200408998,28170
474,Queens,6,Thursday,3.8775510204081636,99590
475,Queens,7,Monday,4.583980259740507,141760
476,Queens,8,Saturday,4.071758225398244,123110
477,Queens,8,Sunday,3.690217255083257,87780
478,Queens,9,Monday,4.506172839506172,151200
479,Queens,9,Thursday,4.6599679627202555,162030
480,Queens,9,Wednesday,4.62678936605317,160370
481,Queens,10,Friday,4.669211195928753,157070
482,Queens,10,Saturday,4.619514403136645,151280
483,Queens,12,Sunday,4.604938271604938,142510
484,Queens,18,Sunday,4.560649474689589,150250
485,Queens,18,Thursday,5.191441441441442,183720
486,Queens,21,Friday,4.53763440860215,169670
487,Queens,21,Saturday,4.446590598354339,174120
488,Queens,22,Wednesday,4.1708996500733715,109890
489,Queens,23,Tuesday,3.992008804670303,90000
490,Queens,23,Wednesday,4.007962126102862,98470
621,Staten Island,0,Sunday,3.24241190102606,12220
622,Staten Island,0,Thursday,3.3181126331811264,6090
623,Staten Island,1,Monday,3.2051956048119736,4100
624,Staten Island,2,Tuesday,3.2044887780548628,1810
625,Staten Island,3,Tuesday,3.0751173708920185,1310
626,Staten Island,6,Sunday,2.9681069958847734,7170
627,Staten Island,8,Wednesday,3.9188474755485068,19770
628,Staten Island,9,Tuesday,3.7081181300490007,15870
629,Staten Island,11,Tuesday,3.8597053171044204,14470
630,Staten Island,12,Saturday,4.058609324636043,16620
631,Staten Island,13,Sunday,3.859415184934713,13400
632,Staten Island,19,Friday,3.8604898828541003,19530
633,Staten Island,19,Monday,3.7621679590826598,11380
634,Staten Island,19,Tuesday,3.8958333333333335,13270
635,Staten Island,22,Sunday,3.4285714285714284,8730
636,Staten Island,23,Tuesday,3.4364346928667704,6940
637,Bronx,0,Friday,4.29421768707483,85070
638,Bronx,1,Thursday,4.1730279898218825,43650
639,Bronx,4,Friday,3.8196282069521508,27340
640,Bronx,5,Tuesday,4.015150002362976,35100
641,Bronx,6,Wednesday,4.444444444444445,66440
642,Bronx,10,Monday,5.012155012155012,97590
643,Bronx,10,Thursday,5.187265917602995,109890
644,Bronx,12,Saturday,5.277777777777778,111710
645,Bronx,13,Monday,5.517890772128061,103890
646,Bronx,14,Saturday,5.56237218813906,129190
647,Bronx,15,Monday,5.851581779551195,120240
648,Bronx,16,Friday,6.333333333333333,154260
649,Bronx,17,Tuesday,6.002865329512893,139550
650,Bronx,19,Thursday,5.305164319248826,134430
651,Bronx,19,Tuesday,5.166666666666667,119990
652,Bronx,20,Saturday,4.9886234357224115,151910
653,Bronx,20,Wednesday,4.887350232120385,119120
654,Bronx,23,Thursday,4.347799935674674,104220
655,Bronx,23,Tuesday,4.291417165668663,92470
779,Brooklyn,0,Friday,4.7047244094488185,190910
780,Brooklyn,4,Wednesday,4.226661730363958,34020
781,Brooklyn,7,Thursday,5.660567688431466,194660
782,Brooklyn,9,Friday,5.95331974298764,256820
783,Brooklyn,11,Saturday,5.601489424260801,245200
784,Brooklyn,12,Thursday,6.271097046413502,229070
785,Brooklyn,13,Tuesday,6.241807051459081,230480
786,Brooklyn,15,Saturday,6.087161854564922,318080
787,Brooklyn,15,Sunday,5.848406948664018,280720
788,Brooklyn,16,Monday,6.550543397350007,250290
789,Brooklyn,18,Sunday,5.615942028985508,294980
790,Brooklyn,18,Thursday,6.424050632911392,332810
791,Brooklyn,19,Saturday,5.814350698768506,378780
792,Brooklyn,20,Thursday,5.631786517755245,293620
793,Brooklyn,21,Sunday,5.199550309162451,259190
794,Brooklyn,22,Wednesday,5.0136612021857925,248190
975,Manhattan,0,Monday,4.429089043094107,127420
976,Manhattan,1,Friday,4.525214745679351,154180
977,Manhattan,1,Saturday,4.863945578231292,320600
978,Manhattan,1,Tuesday,4.307502061005771,61450
979,Manhattan,2,Sunday,4.626979258956359,253160
980,Manhattan,3,Saturday,4.498622247083929,161140
981,Manhattan,3,Thursday,4.202101737942915,36880
982,Manhattan,5,Friday,3.8845299145299146,55660
983,Manhattan,5,Monday,3.893403965955953,49400
984,Manhattan,10,Saturday,5.328151986183074,308150
985,Manhattan,11,Friday,6.582568807339449,309210
986,Manhattan,11,Monday,6.260162601626017,255530
987,Manhattan,11,Sunday,5.269101455700879,298560
988,Manhattan,11,Thursday,6.8023255813953485,293430
989,Manhattan,13,Wednesday,6.810344827586207,296570
990,Manhattan,16,Monday,6.318607764390896,288630
991,Manhattan,18,Sunday,5.817307692307692,372850
992,Manhattan,18,Wednesday,6.4,470690
993,Manhattan,20,Saturday,6.21185280241974,538500
994,Manhattan,21,Thursday,5.428403755868545,378410
995,Manhattan,22,Friday,5.682693875131522,493140
996,Manhattan,22,Wednesday,5.004838932669708,322430
1147,Queens,1,Sunday,4.0198488573249564,118870
1148,Queens,1,Thursday,3.8825951527564433,47220
1149,Queens,1,Wednesday,3.835688170923671,42440
1150,Queens,2,Monday,3.744972465690232,37840
1151,Queens,3,Monday,3.4730117313287563,33420
1152,Queens,4,Saturday,3.376463486857091,62080
1153,Queens,5,Saturday,3.1239092495636993,66970
1154,Queens,5,Thursday,3.1406011848273083,68200
1155,Queens,11,Tuesday,4.66903073286052,133910
1156,Queens,12,Tuesday,4.782066131656601,136680
1157,Queens,13,Saturday,4.950738916256158,174210
1158,Queens,13,Wednesday,4.952057237905864,156620
1159,Queens,15,Friday,5.424041875522139,204460
1160,Queens,16,Wednesday,5.3457943925233655,172610
1161,Queens,17,Monday,5.272883035612381,161000
1162,Queens,19,Saturday,4.758904667675474,191800
1163,Queens,19,Tuesday,4.776119402985074,144540
1164,Queens,21,Tuesday,4.296875,114210
1275,Staten Island,4,Friday,3.2929425448100633,2080
1276,Staten Island,5,Sunday,3.1514598090512127,4560
1277,Staten Island,5,Wednesday,3.1918724279835393,5140
1278,Staten Island,6,Friday,3.2299741602067185,9350
1279,Staten Island,6,Wednesday,3.2988072458221716,8780
1280,Staten Island,7,Tuesday,3.7621001683501687,13640
1281,Staten Island,7,Wednesday,3.787523118509034,14880
1282,Staten Island,8,Friday,3.805979924348744,19380
1283,Staten Island,8,Tuesday,3.860606060606061,18430
1284,Staten Island,9,Thursday,3.7421443534564838,15690
1285,Staten Island,9,Wednesday,3.7521493490542865,16110
1286,Staten Island,11,Sunday,3.781669345249761,11900
1287,Staten Island,11,Thursday,3.9013324759761367,14980
1288,Staten Island,12,Thursday,3.8901163374969707,15420
1289,Staten Island,12,Tuesday,3.874687602665791,14420
1290,Staten Island,14,Monday,4.202046356306745,16700
1291,Staten Island,14,Tuesday,4.210791118317163,18320
1292,Staten Island,15,Saturday,3.949090125560714,19160
1293,Staten Island,15,Tuesday,4.256900212314225,18970
1294,Staten Island,16,Sunday,3.801214972805422,14480
1295,Staten Island,18,Friday,4.028011074505438,21900
1296,Staten Island,18,Tuesday,4.045454545454545,16730
1297,Staten Island,19,Thursday,3.8888888888888884,15050
1298,Staten Island,20,Saturday,3.653767512979162,15780
1299,Staten Island,20,Thursday,3.7185422973866444,12580
1300,Staten Island,21,Sunday,3.499551971326165,9620
1301,Staten Island,23,Monday,3.324269941309611,6260
1302,Bronx,0,Sunday,4.381378215141101,135660
1303,Bronx,0,Wednesday,4.197080291970803,69830
1304,Bronx,1,Tuesday,4.151119808654055,36760
1305,Bronx,2,Sunday,4.199279866904509,80740
1306,Bronx,2,Thursday,4.131884057971015,29420
1307,Bronx,3,Sunday,4.091530054644808,63310
1308,Bronx,4,Monday,3.830608031842215,22040
1309,Bronx,4,Thursday,3.8208378594412906,21540
1310,Bronx,4,Tuesday,3.8758680555555554,19670
1311,Bronx,9,Friday,5.104384588563459,133920
1312,Bronx,9,Sunday,4.1477272727272725,68430
1313,Bronx,9,Thursday,5.173611111111112,123930
1314,Bronx,10,Friday,5.181557324637125,118100
1315,Bronx,11,Tuesday,5.342163355408388,103450
1316,Bronx,12,Monday,5.244039790929017,97700
1317,Bronx,13,Tuesday,5.559210526315789,116290
1318,Bronx,14,Monday,5.841363004469715,117720
1319,Bronx,14,Thursday,5.995483274397431,138380
1320,Bronx,14,Wednesday,6.057581786030061,138260
1321,Bronx,15,Friday,6.24241978757029,150000
1322,Bronx,15,Saturday,5.579216354344123,139850
1323,Bronx,15,Tuesday,6.075757575757575,136890
1324,Bronx,15,Wednesday,6.134751773049646,143690
1325,Bronx,18,Thursday,5.655769654447777,147420
1326,Bronx,20,Thursday,4.979296066252588,127670
1327,Bronx,21,Monday,4.54828660436137,93510
1328,Bronx,22,Sunday,4.467592592592593,115840
1440,Brooklyn,0,Saturday,4.881148596110764,297360
1441,Brooklyn,2,Tuesday,4.359923832020681,47880
1442,Brooklyn,3,Saturday,4.4754723320306065,118100
1443,Brooklyn,3,Thursday,4.319197392899444,43380
1444,Brooklyn,3,Tuesday,4.279439696106364,35270
1445,Brooklyn,3,Wednesday,4.317931793179318,38710
1446,Brooklyn,4,Friday,4.282407407407407,44990
1447,Brooklyn,5,Friday,4.333109218586583,61060
1448,Brooklyn,6,Thursday,4.801787703196155,107180
1449,Brooklyn,7,Monday,5.555555555555555,174600
1450,Brooklyn,8,Tuesday,6.105137395459977,236310
1451,Brooklyn,10,Monday,5.8544303797468356,206430
1452,Brooklyn,10,Wednesday,6.0,227290
1453,Brooklyn,12,Saturday,5.792079207920792,264700
1454,Brooklyn,13,Friday,6.42578125,254210
1455,Brooklyn,13,Saturday,5.927672955974843,276420
1456,Brooklyn,17,Friday,6.676891615541923,352350
1457,Brooklyn,17,Monday,6.452074391988555,268830
1458,Brooklyn,18,Monday,6.056547619047619,270210
1459,Brooklyn,19,Monday,5.653674689225147,251220
1460,Brooklyn,22,Monday,4.9155632036399695,193080
1636,Manhattan,0,Saturday,5.113871635610765,389950
1637,Manhattan,3,Sunday,4.487179487179487,170620
1638,Manhattan,4,Monday,3.967661691542288,28170
1639,Manhattan,4,Sunday,4.320066334991709,97790
1640,Manhattan,5,Saturday,4.04382470119522,54370
1641,Manhattan,5,Tuesday,3.9625420875420874,53360
1642,Manhattan,7,Thursday,5.275850609092265,270060
1643,Manhattan,9,Friday,6.240902397423538,328740
1644,Manhattan,9,Wednesday,6.565349544072949,358490
1645,Manhattan,10,Thursday,6.615120274914088,306570
1646,Manhattan,12,Friday,6.656976744186046,318630
1647,Manhattan,12,Wednesday,6.840277777777779,297330
1648,Manhattan,15,Tuesday,6.882030410943417,302830
1649,Manhattan,18,Thursday,6.67755991285403,473730
1650,Manhattan,19,Saturday,6.384131917971576,561200
1651,Manhattan,22,Monday,4.7645429362880884,235170
1652,Manhattan,23,Monday,4.520865533230293,167070
1777,Queens,0,Saturday,4.088142804291529,125700
1778,Queens,0,Tuesday,3.834586466165413,62350
1779,Queens,2,Friday,3.8349276508974004,42060
1780,Queens,2,Sunday,3.9593128057977416,89140
1781,Queens,3,Sunday,3.734567901234568,73930
1782,Queens,3,Tuesday,3.289838838419204,26480
1783,Queens,5,Sunday,3.1374897721550856,64820
1784,Queens,6,Monday,3.791477974731472,96520
1785,Queens,7,Tuesday,4.690082644628099,147990
1786,Queens,9,Friday,4.573170731707317,171510
1787,Queens,9,Saturday,4.361569121040487,142080
1788,Queens,10,Monday,4.509379509379509,134390
1789,Queens,12,Friday,4.87062404870624,157770
1790,Queens,15,Thursday,5.285714285714286,182130
1791,Queens,16,Monday,5.182696797317867,156980
1792,Queens,16,Saturday,4.9688473520249214,185690
1793,Queens,16,Sunday,4.646464646464646,157050
1794,Queens,18,Friday,5.22587096185227,215620
1795,Queens,18,Tuesday,5.102819297704638,161420
1796,Queens,19,Monday,4.6431170721563735,130720
1797,Queens,19,Thursday,4.84101481478873,162400
1798,Queens,20,Friday,4.718225419664269,183890
1799,Queens,20,Monday,4.466666666666667,114090
1800,Queens,21,Sunday,4.237336944677937,126340
1801,Queens,23,Friday,4.166666666666667,152340
1936,Staten Island,1,Tuesday,3.3905852417302795,2630
1937,Staten Island,2,Wednesday,3.268644280953279,1840
1938,Staten Island,4,Monday,3.155637254901961,2150
1939,Staten Island,4,Sunday,3.190305739290643,3380
1940,Staten Island,5,Saturday,3.114035087719298,4570
1941,Staten Island,5,Tuesday,3.129853098019912,4580
1942,Staten Island,6,Monday,3.28,8110
1943,Staten Island,6,Tuesday,3.2960704607046067,8650
1944,Staten Island,7,Saturday,3.275193798449613,10070
1945,Staten Island,10,Sunday,3.611060002313038,11120
1946,Staten Island,12,Monday,3.8939393939393936,12310
1947,Staten Island,12,Sunday,3.81066030230708,12450
1948,Staten Island,14,Friday,4.390778227620333,21820
1949,Staten Island,14,Sunday,3.8791423001949314,14870
1950,Staten Island,16,Thursday,4.2914446406066515,19920
1951,Staten Island,18,Monday,3.8322545846817695,13810
1952,Staten Island,18,Thursday,4.001839926402944,17830
1953,Staten Island,21,Monday,3.5624917687343607,7910
1954,Staten Island,22,Friday,3.4829359513791496,13970
1955,Staten Island,23,Saturday,3.294726361435154,12920
1956,Staten Island,23,Sunday,3.2825203252032527,7870
1957,Bronx,2,Tuesday,3.991788321167883,23730
1958,Bronx,5,Monday,3.910178054842521,34240
1959,Bronx,5,Wednesday,3.9868738701247564,35220
1960,Bronx,6,Friday,4.306700218424194,64700
1961,Bronx,6,Saturday,3.753333333333333,43370
1962,Bronx,10,Tuesday,5.158620064372819,109620
1963,Bronx,10,Wednesday,5.209339774557166,111950
1964,Bronx,11,Sunday,4.601194121249234,87800
1965,Bronx,14,Tuesday,5.923913043478262,130890
1966,Bronx,16,Tuesday,6.080094468554439,134660
1967,Bronx,17,Monday,5.837696335078534,126350
1968,Bronx,17,Sunday,5.022404773296481,124960
1969,Bronx,20,Friday,5.170940170940171,153750
1970,Bronx,22,Friday,4.667592862741772,145040
1971,Bronx,22,Tuesday,4.427227448810183,97570
1972,Bronx,23,Friday,4.520160978252457,139420
2102,Brooklyn,0,Monday,4.6713640908021645,162120
2103,Brooklyn,1,Friday,4.57044673539519,122590
2104,Brooklyn,1,Thursday,4.499432892969015,94420
2105,Brooklyn,1,Wednesday,4.478509167418094,83170
2106,Brooklyn,2,Saturday,4.5621773657811175,166180
2107,Brooklyn,5,Saturday,4.282560706401766,65510
2108,Brooklyn,5,Wednesday,4.370431996055956,56520
2109,Brooklyn,7,Tuesday,5.656779661016949,188250
2110,Brooklyn,8,Monday,6.010834858106412,226260
2111,Brooklyn,8,Saturday,4.808126410835215,152750
2112,Brooklyn,8,Sunday,4.653846153846153,127710
2113,Brooklyn,9,Monday,5.86080586080586,224450
2114,Brooklyn,11,Friday,6.200816293704888,235720
2115,Brooklyn,12,Wednesday,6.188924274593065,228620
2116,Brooklyn,14,Friday,6.731601731601732,289430
2117,Brooklyn,14,Sunday,5.840747917325741,273480
2118,Brooklyn,16,Saturday,6.1156648451730415,329610
2119,Brooklyn,16,Sunday,5.806845965770171,288570
2120,Brooklyn,16,Thursday,6.849527930763179,294280
2121,Brooklyn,16,Wednesday,6.79341431953166,287460
2122,Brooklyn,17,Wednesday,6.768953068592058,315250
2123,Brooklyn,19,Thursday,5.981538286753011,332600
2124,Brooklyn,21,Saturday,5.506134969325154,367010
2125,Brooklyn,23,Sunday,4.821154607887441,214160
2126,Brooklyn,23,Thursday,4.876811594202899,242890
2218,EWR,17,Sunday,2.4256709567993613,10
2285,Manhattan,0,Thursday,4.5303550973654065,162730
2286,Manhattan,2,Friday,4.3874975732867405,103270
2287,Manhattan,3,Tuesday,4.128516193235185,24460
2288,Manhattan,6,Thursday,4.375,143750
2289,Manhattan,6,Wednesday,4.371428571428572,147830
2290,Manhattan,7,Monday,5.1984813533256435,241740
2291,Manhattan,8,Saturday,4.543010752688172,160270
2292,Manhattan,9,Saturday,4.960596914822267,236620
2293,Manhattan,10,Wednesday,6.630171774541361,297500
2294,Manhattan,11,Tuesday,6.695778748180495,273910
2295,Manhattan,13,Friday,6.683427666599286,321060
2296,Manhattan,17,Thursday,7.030178326474622,394070
2297,Manhattan,18,Saturday,6.440677966101695,531400
2298,Manhattan,20,Friday,6.227397187330093,534640
2299,Manhattan,21,Friday,5.908137983609682,476490
2300,Manhattan,21,Sunday,5.1115177438450985,292800
2301,Manhattan,23,Saturday,5.480175961685977,486800
2302,Manhattan,23,Wednesday,4.710640163605202,250480
2434,Queens,2,Thursday,3.7220409105144308,33060
2435,Queens,2,Tuesday,3.688334376303713,27640
2436,Queens,2,Wednesday,3.7384048630067737,29640
2437,Queens,3,Thursday,3.3033573141486814,31890
2438,Queens,4,Monday,3.108932102834542,43900
2439,Queens,4,Tuesday,3.1237124712534547,38400
2440,Queens,4,Wednesday,3.083659635383773,40480
2441,Queens,7,Wednesday,4.787581699346406,149070
2442,Queens,9,Sunday,4.0400843881856545,106810
2443,Queens,9,Tuesday,4.62962962962963,157080
2444,Queens,10,Sunday,4.271715773515259,129920
2445,Queens,11,Friday,4.786666666666667,154750
2446,Queens,11,Monday,4.578884934756821,128190
2447,Queens,12,Monday,4.678967531361149,132340
2448,Queens,13,Monday,4.816151291007465,143240
2449,Queens,14,Sunday,4.704586718192488,159680
2450,Queens,15,Wednesday,5.33599937269662,177270
2451,Queens,17,Saturday,4.9110198494182065,187610
2452,Queens,17,Tuesday,5.341179367504435,170680
2453,Queens,17,Wednesday,5.455801104972376,182890
2454,Queens,18,Saturday,4.864864864864865,190210
2455,Queens,20,Tuesday,4.5053003533568905,126470
2456,Queens,21,Thursday,4.365188084366166,127040
2457,Queens,22,Friday,4.3161158045551105,163920
2458,Queens,22,Sunday,4.053571428571429,118630
2459,Queens,22,Thursday,4.169891091623467,121900
2460,Queens,23,Saturday,4.134526845162204,160280
2597,Staten Island,0,Friday,3.2467592592592593,6560
2598,Staten Island,1,Friday,3.2947964002494876,4520
2599,Staten Island,1,Sunday,3.180428134556575,10130
2600,Staten Island,3,Monday,3.344692798942964,1800
2601,Staten Island,3,Saturday,3.241391618116586,4420
2602,Staten Island,7,Sunday,3.1835205992509366,8510
2603,Staten Island,7,Thursday,3.6726871205932756,13760
2604,Staten Island,10,Friday,3.797580847532585,15860
2605,Staten Island,11,Wednesday,3.8716849039559578,15300
2606,Staten Island,12,Friday,4.03298673237926,16920
2607,Staten Island,13,Friday,4.0804433661576525,17180
2608,Staten Island,15,Friday,4.317460317460317,22910
2609,Staten Island,16,Monday,4.15024091108191,16490
2610,Staten Island,16,Tuesday,4.146759557701995,18440
2611,Staten Island,17,Monday,4.005176748043332,17500
2612,Staten Island,20,Sunday,3.6794871794871793,10330
2613,Staten Island,20,Wednesday,3.799469604243166,11250
2614,Staten Island,21,Thursday,3.5585585585585586,9970
2615,Staten Island,21,Wednesday,3.598518369160571,10540
2616,Staten Island,22,Tuesday,3.402266068405309,8460
2617,Staten Island,23,Thursday,3.359767891682785,8780
2618,Bronx,0,Monday,4.25231820069704,82160
2619,Bronx,0,Thursday,4.2716644638393095,72580
2620,Bronx,1,Friday,4.191919191919192,55310
2621,Bronx,1,Saturday,4.299822695035461,84820
2622,Bronx,2,Friday,4.131798747714585,37960
2623,Bronx,2,Wednesday,3.971759982838405,26660
2624,Bronx,3,Monday,3.90937019969278,23910
2625,Bronx,3,Thursday,3.8273758265824673,22400
2626,Bronx,4,Sunday,4.089941653517302,48020
2627,Bronx,4,Wednesday,3.7572254335260116,21190
2628,Bronx,5,Friday,3.8755223400835743,37500
2629,Bronx,6,Monday,4.3714927048260375,58750
2630,Bronx,6,Thursday,4.415294646873594,64820
2631,Bronx,7,Friday,5.051230368690685,117680
2632,Bronx,7,Saturday,4.019784172661871,66890
2633,Bronx,7,Thursday,5.206346130523963,115380
2634,Bronx,8,Friday,5.253878702397744,151750
2635,Bronx,11,Friday,5.39426523297491,115930
2636,Bronx,11,Saturday,5.068799522876374,107200
2637,Bronx,12,Friday,5.4925137903861305,113750
2638,Bronx,13,Sunday,4.87471399073609,96290
2639,Bronx,15,Thursday,6.1145914904724625,143210
2640,Bronx,17,Thursday,6.10632183908046,151830
2641,Bronx,18,Friday,5.895002624859808,162860
2642,Bronx,18,Monday,5.399530516431925,116720
2643,Bronx,18,Tuesday,5.5391287206781,133150
2644,Bronx,20,Tuesday,4.86493502848643,109020
2645,Bronx,21,Saturday,4.834205933682373,154470
2646,Bronx,22,Saturday,4.655004859086492,152230
2647,Bronx,22,Wednesday,4.495238095238095,102650
2648,Bronx,23,Saturday,4.518329070758738,149090
2777,Brooklyn,1,Tuesday,4.462365591397849,71670
2778,Brooklyn,2,Friday,4.470142602495544,83520
2779,Brooklyn,2,Thursday,4.397937599153886,61880
2780,Brooklyn,3,Monday,4.338575619765638,44120
2781,Brooklyn,4,Tuesday,4.169334186939821,32560
2782,Brooklyn,6,Saturday,4.318806438947782,79310
2783,Brooklyn,6,Sunday,4.2473534727601345,72290
2784,Brooklyn,8,Thursday,6.136712749615976,246290
2785,Brooklyn,9,Wednesday,5.972222222222221,243250
2786,Brooklyn,10,Sunday,5.140845070422535,203570
2787,Brooklyn,12,Tuesday,6.123678716061567,218840
2788,Brooklyn,17,Tuesday,6.652719421101774,294080
2789,Brooklyn,19,Sunday,5.489786443825442,290530
2790,Brooklyn,19,Tuesday,5.81128352540096,286620
2791,Brooklyn,20,Saturday,5.686125059780009,372920
2792,Brooklyn,21,Wednesday,5.2647995783542765,252360
2793,Brooklyn,22,Sunday,5.0,241330
2794,Brooklyn,23,Wednesday,4.798534798534798,217150
2973,Manhattan,1,Sunday,4.8357318653346315,347780
2974,Manhattan,1,Wednesday,4.3314500941619585,78830
2975,Manhattan,2,Saturday,4.6877565681445,246860
2976,Manhattan,3,Wednesday,4.090578271800979,30460
2977,Manhattan,5,Wednesday,3.931623931623932,52890
2978,Manhattan,6,Friday,4.334103156274057,133510
2979,Manhattan,6,Monday,4.3604651162790695,129320
2980,Manhattan,6,Tuesday,4.407834354391934,145880
2981,Manhattan,7,Saturday,4.157087920121622,109620
2982,Manhattan,8,Tuesday,6.2876254180602,388910
2983,Manhattan,10,Monday,6.111111111111112,264910
2984,Manhattan,12,Sunday,5.558659217877095,324510
2985,Manhattan,12,Thursday,6.855231143552311,304990
2986,Manhattan,14,Friday,6.996066007519844,323820
2987,Manhattan,14,Thursday,7.017543859649123,320780
2988,Manhattan,14,Wednesday,7.011878247958426,311070
2989,Manhattan,15,Friday,7.260273972602739,331260
2990,Manhattan,15,Monday,6.465201465201464,283890
2991,Manhattan,15,Wednesday,7.120049019607843,322300
2992,Manhattan,16,Friday,7.172619047619047,353840
2993,Manhattan,17,Monday,6.123809523809524,332440
2994,Manhattan,18,Monday,5.796221322537112,365570
2995,Manhattan,19,Sunday,5.628930817610062,352110
2996,Manhattan,20,Tuesday,5.365416601301074,338060
2997,Manhattan,23,Sunday,4.618055555555556,198310
3111,Queens,0,Monday,3.8802821478026566,84040
3112,Queens,1,Monday,3.830641069758413,53180
3113,Queens,5,Monday,3.156057098765432,65040
3114,Queens,5,Tuesday,3.224637681159421,59450
3115,Queens,6,Wednesday,3.89520202020202,97810
3116,Queens,7,Friday,4.5608108108108105,157790
3117,Queens,11,Wednesday,4.681818181818182,137670
3118,Queens,12,Saturday,4.919003115264798,164930
3119,Queens,12,Wednesday,4.773662551440329,140590
3120,Queens,14,Thursday,5.187074829931973,177930
3121,Queens,19,Friday,4.943990922388574,201760
3122,Queens,19,Wednesday,4.822695035460993,154430
3123,Queens,20,Thursday,4.619971915604614,142420
3124,Queens,21,Wednesday,4.358974358974359,119780
3125,Queens,23,Sunday,3.8505747126436782,106950
3245,Staten Island,3,Sunday,3.2947311391033454,5050
3246,Staten Island,3,Wednesday,3.138777550118637,1600
3247,Staten Island,4,Saturday,3.186968838526912,3410
3248,Staten Island,5,Friday,3.159751503907348,4940
3249,Staten Island,5,Thursday,3.2633158289572393,4710
3250,Staten Island,6,Saturday,3.1442844548927416,7350
3251,Staten Island,8,Monday,3.826987347815708,17580
3252,Staten Island,9,Saturday,3.623339592461228,13290
3253,Staten Island,10,Saturday,3.8077139639639643,13870
3254,Staten Island,10,Wednesday,3.808851224105461,14730
3255,Staten Island,11,Monday,3.798798798798799,12430
3256,Staten Island,12,Wednesday,3.8915411891669667,15240
3257,Staten Island,14,Saturday,4.035433070866142,19310
3258,Staten Island,14,Wednesday,4.22627575385455,18820
3259,Staten Island,16,Friday,4.314641744548286,22990
3260,Staten Island,16,Wednesday,4.220623501199041,19950
3261,Staten Island,17,Thursday,4.158075601374571,21250
3262,Staten Island,18,Sunday,3.7241148964595854,13450
3263,Staten Island,18,Wednesday,4.009252120277564,17950
3264,Staten Island,19,Wednesday,3.924261287808898,14100
3265,Staten Island,22,Wednesday,3.46286701208981,9430
3266,Bronx,0,Saturday,4.435372789478361,117060
3267,Bronx,1,Monday,4.209970881496515,50220
3268,Bronx,3,Wednesday,3.817204301075269,20790
3269,Bronx,6,Sunday,3.647058823529412,37070
3270,Bronx,6,Tuesday,4.448140578154905,63220
3271,Bronx,7,Monday,5.15758547008547,102680
3272,Bronx,8,Sunday,3.9388938893889387,60040
3273,Bronx,8,Thursday,5.37037037037037,141160
3274,Bronx,9,Monday,5.008771929824562,113470
3275,Bronx,9,Saturday,4.50737210817856,96400
3276,Bronx,11,Monday,5.1953125,93930
3277,Bronx,11,Wednesday,5.313199105145414,108630
3278,Bronx,13,Thursday,5.6906882335136535,121740
3279,Bronx,13,Wednesday,5.6060606060606055,124030
3280,Bronx,14,Friday,6.154830454254639,138690
3281,Bronx,16,Sunday,5.080645161290322,124990
3282,Bronx,17,Friday,6.269841269841269,162420
3283,Bronx,17,Wednesday,6.083333333333333,150070
3284,Bronx,21,Wednesday,4.6949891067538125,107830
3285,Bronx,23,Sunday,4.365079365079365,110010
3376,Brooklyn,0,Sunday,4.9718110086056875,324500
3377,Brooklyn,0,Tuesday,4.570527974783293,121050
3378,Brooklyn,2,Wednesday,4.415076975713802,54060
3379,Brooklyn,5,Sunday,4.287905968824802,68620
3380,Brooklyn,5,Tuesday,4.342529277686081,53450
3381,Brooklyn,6,Monday,4.7656840513983365,102810
3382,Brooklyn,7,Sunday,4.382309941520468,105090
3383,Brooklyn,8,Wednesday,6.114195821883161,246360
3384,Brooklyn,9,Saturday,5.130208333333333,191740
3385,Brooklyn,11,Thursday,6.1960162171690465,222450
3386,Brooklyn,11,Tuesday,6.046099290780142,210010
3387,Brooklyn,12,Sunday,5.573476702508961,241950
3388,Brooklyn,13,Thursday,6.377139979859013,244190
3389,Brooklyn,14,Wednesday,6.6584493073940045,268540
3390,Brooklyn,15,Tuesday,6.645021645021644,265930
3391,Brooklyn,18,Friday,6.334972001729769,378120
3392,Brooklyn,18,Saturday,5.93017765772888,366180
3393,Brooklyn,18,Wednesday,6.382782380844992,325560
3394,Brooklyn,20,Monday,5.35978835978836,220630
3395,Brooklyn,20,Tuesday,5.482758620689656,254130
3396,Brooklyn,21,Monday,5.1190476190476195,203440
3397,Brooklyn,21,Thursday,5.301157122612713,270140
3398,Brooklyn,22,Friday,5.2334138486312405,352100
3399,Brooklyn,22,Tuesday,4.93796387926769,218840
3400,Brooklyn,23,Monday,4.705882352941177,168290
3521,Manhattan,2,Monday,4.28341384863124,53090
3522,Manhattan,3,Monday,4.105203642700999,33280
3523,Manhattan,4,Thursday,3.95679012345679,29990
3524,Manhattan,6,Sunday,3.84180790960452,70190
3525,Manhattan,8,Thursday,6.234648697563182,382600
3526,Manhattan,9,Tuesday,6.4690692489434625,340900
3527,Manhattan,11,Wednesday,6.816881258941344,290130
3528,Manhattan,12,Tuesday,6.7045534937083415,280900
3529,Manhattan,13,Thursday,6.803512630086284,302060
3530,Manhattan,15,Sunday,6.004215537647278,334260
3531,Manhattan,16,Saturday,6.521121656683342,420020
3532,Manhattan,16,Wednesday,7.0245573957738445,333010
3533,Manhattan,17,Sunday,5.912476722532589,351770
3534,Manhattan,18,Tuesday,6.199364543114544,429020
3535,Manhattan,19,Friday,6.369077470506758,583660
3536,Manhattan,19,Wednesday,5.938023450586265,464070
3537,Manhattan,20,Wednesday,5.560618221908545,378700
3538,Manhattan,22,Saturday,5.733333333333333,511710
3539,Manhattan,23,Tuesday,4.602070293692826,214200
3633,Queens,0,Wednesday,3.890887290167866,65390
3634,Queens,4,Sunday,3.5332669799984107,67880
3635,Queens,5,Wednesday,3.167587476979742,62170
3636,Queens,6,Sunday,3.12947130940719,72560
3637,Queens,7,Thursday,4.687123947051744,150590
3638,Queens,10,Thursday,4.699623256287547,146200
3639,Queens,10,Wednesday,4.63332125166123,144090
3640,Queens,14,Friday,5.321770278194581,197480
3641,Queens,14,Monday,5.0661375661375665,162870
3642,Queens,14,Tuesday,5.091250670960816,169590
3643,Queens,16,Thursday,5.373613139519966,181300
3644,Queens,17,Friday,5.487804878048781,218190
3645,Queens,17,Thursday,5.433125433125434,191890
3646,Queens,18,Monday,4.975609756097561,149010
3647,Queens,20,Saturday,4.616805170821792,183590
3648,Queens,21,Monday,4.241573033707865,104230
3649,Queens,22,Tuesday,4.086218251404145,103000
3650,Queens,23,Monday,3.849059512796793,84040
3651,Queens,23,Thursday,3.9955357142857135,105670
3733,Staten Island,0,Tuesday,3.338785927498769,4400
3734,Staten Island,0,Wednesday,3.277932098765432,5300
3735,Staten Island,2,Saturday,3.1524197195838988,6670
3736,Staten Island,4,Thursday,3.199058242843874,1920
3737,Staten Island,9,Friday,3.7309430234554823,17580
3738,Staten Island,9,Monday,3.662356850089192,14400
3739,Staten Island,10,Thursday,3.8116688116688113,15080
3740,Staten Island,11,Saturday,4.011627906976744,15010
3741,Staten Island,13,Saturday,4.081508515815085,16570
3742,Staten Island,13,Tuesday,3.9834772339696345,16140
3743,Staten Island,15,Monday,4.170563078358308,16640
3744,Staten Island,15,Sunday,3.828750078750079,15340
3745,Staten Island,17,Friday,4.14235190097259,22850
3746,Staten Island,17,Saturday,3.7936693923680362,20760
3747,Staten Island,17,Tuesday,4.132726603822517,19700
3748,Staten Island,18,Saturday,3.7922705314009666,18370
3749,Staten Island,19,Sunday,3.665768194070081,11530
3750,Staten Island,20,Monday,3.7018701870187023,9550
3751,Staten Island,21,Saturday,3.5908440629470673,14410
3752,Staten Island,21,Tuesday,3.594871794871795,9210
3753,Staten Island,22,Saturday,3.420969882441493,14000
3754,Staten Island,23,Friday,3.2836851780080347,12960
3755,Bronx,1,Wednesday,4.161101866074985,41000
3756,Bronx,3,Friday,3.9592760180995477,29230
3757,Bronx,4,Saturday,3.861981018522794,38540
3758,Bronx,5,Saturday,3.843818907004933,38060
3759,Bronx,5,Sunday,3.8064322188477835,38800
3760,Bronx,5,Thursday,3.992932357208187,34640
3761,Bronx,7,Tuesday,5.239387754525924,114480
3762,Bronx,10,Saturday,4.828772603616578,100990
3763,Bronx,12,Thursday,5.493562231759657,113210
3764,Bronx,12,Tuesday,5.433520684361492,108080
3765,Bronx,14,Sunday,5.030959752321982,111170
3766,Bronx,15,Sunday,5.054580971349778,121800
3767,Bronx,16,Monday,5.935114503816794,121550
3768,Bronx,16,Wednesday,6.158730158730158,142140
3769,Bronx,19,Friday,5.4941860465116275,159810
3770,Bronx,19,Monday,5.043532338308458,107210
3771,Bronx,19,Sunday,4.864636209813876,123210
3772,Bronx,21,Sunday,4.653558052434457,121140
3773,Bronx,21,Thursday,4.754485737861407,116640
3774,Bronx,22,Monday,4.361904761904762,85730
3775,Bronx,23,Wednesday,4.359889239611264,96260
3887,Brooklyn,1,Monday,4.524602261027795,101820
3888,Brooklyn,2,Monday,4.4463507041246695,64950
3889,Brooklyn,6,Tuesday,4.842272047988615,104900
3890,Brooklyn,11,Monday,5.944741532976827,198870
3891,Brooklyn,11,Wednesday,6.0890536462182805,220620
3892,Brooklyn,12,Friday,6.330868551017804,236740
3893,Brooklyn,13,Sunday,5.73841809015073,255480
3894,Brooklyn,15,Monday,6.455555555555556,248150
3895,Brooklyn,17,Saturday,6.036585365853659,343950
3896,Brooklyn,19,Friday,6.001622300113679,392560
3897,Brooklyn,19,Wednesday,5.907859078590786,316700
3898,Brooklyn,20,Wednesday,5.555555555555555,280390
3899,Brooklyn,21,Tuesday,5.193951347797501,229030
3900,Brooklyn,23,Saturday,5.137956076428018,360140
3901,Brooklyn,23,Tuesday,4.763832658569501,193490
4062,Manhattan,1,Thursday,4.363104327199907,98420
4063,Manhattan,4,Saturday,4.315697295536005,87220
4064,Manhattan,4,Wednesday,3.839740214147797,27530
4065,Manhattan,7,Friday,5.224637681159421,245830
4066,Manhattan,7,Sunday,3.9221014492753623,87610
4067,Manhattan,7,Wednesday,5.3050738599871545,280670
4068,Manhattan,8,Monday,6.046413072730565,335420
4069,Manhattan,8,Wednesday,6.33811384119804,393420
4070,Manhattan,9,Monday,6.181657848324515,306620
4071,Manhattan,9,Sunday,4.562419562419563,181710
4072,Manhattan,9,Thursday,6.526852214817717,359750
4073,Manhattan,11,Saturday,5.742925512674253,354580
4074,Manhattan,12,Saturday,6.009573542210617,383070
4075,Manhattan,13,Monday,6.222707423580786,265710
4076,Manhattan,13,Sunday,5.764525993883791,335650
4077,Manhattan,13,Tuesday,6.652608547477005,277500
4078,Manhattan,14,Tuesday,6.837606837606838,295640
4079,Manhattan,15,Saturday,6.511872235232891,405400
4080,Manhattan,16,Sunday,6.009830205540662,333010
4081,Manhattan,17,Saturday,6.4505527144997155,475200
4082,Manhattan,17,Tuesday,6.589147286821705,373220
4083,Manhattan,17,Wednesday,6.815686519106685,395900
4084,Manhattan,19,Monday,5.405001172411483,345360
4085,Manhattan,23,Friday,5.445632798573975,466510
4086,Manhattan,23,Thursday,4.936708860759493,313550
4214,Queens,0,Friday,3.9232209737827715,83730
4215,Queens,1,Friday,3.894490726630318,56880
4216,Queens,1,Saturday,4.033423667570009,93950
4217,Queens,6,Tuesday,3.918791312559018,94230
4218,Queens,8,Wednesday,4.879385964912281,183570
4219,Queens,11,Sunday,4.416878848151484,136120
4220,Queens,13,Friday,5.035291919744879,176320
4221,Queens,14,Wednesday,5.210508002783577,179050
4222,Queens,15,Monday,5.133182357381646,160130
4223,Queens,15,Sunday,4.684447605500237,162420
4224,Queens,15,Tuesday,5.21886405109489,169060
4225,Queens,19,Sunday,4.473684210526316,143740
4226,Queens,20,Wednesday,4.576972010178117,132990
4341,Staten Island,0,Saturday,3.2362011503520938,10660
4342,Staten Island,1,Wednesday,3.243243243243243,3410
4343,Staten Island,2,Friday,3.363821138211382,3450
4344,Staten Island,2,Sunday,3.248465211459754,7100
4345,Staten Island,3,Friday,3.3503401360544216,2550
4346,Staten Island,3,Thursday,3.213383838383838,1910
4347,Staten Island,4,Tuesday,3.199990308199263,1940
4348,Staten Island,4,Wednesday,3.1100744196378987,2150
4349,Staten Island,8,Thursday,3.8053588561433895,18340
4350,Staten Island,9,Sunday,3.538163001293661,8570
4351,Staten Island,10,Tuesday,3.726736379462439,15160
4352,Staten Island,13,Monday,3.967056462463688,15100
4353,Staten Island,13,Thursday,4.041218637992832,16430
4354,Staten Island,15,Thursday,4.30147867111216,19980
4355,Staten Island,21,Friday,3.590308370044053,15610
4356,Bronx,2,Monday,4.129781955868912,33600
4357,Bronx,3,Saturday,4.005704971475143,47870
4358,Bronx,7,Sunday,3.7566328991799325,53470
4359,Bronx,7,Wednesday,5.257009345794392,120010
4360,Bronx,8,Wednesday,5.423976608187135,146090
4361,Bronx,12,Sunday,4.753086419753086,92170
4362,Bronx,13,Saturday,5.443140808025201,118000
4363,Bronx,16,Thursday,6.188118811881188,142710
4364,Bronx,17,Saturday,5.524534686971235,149050
4365,Bronx,18,Saturday,5.332329704491933,155000
4366,Bronx,18,Sunday,4.995083579154375,127690
4367,Bronx,19,Saturday,5.1878975678346775,153360
4368,Bronx,20,Monday,4.741697416974169,101650
4369,Bronx,21,Friday,4.839055747669805,149460
4370,Bronx,22,Thursday,4.493029150823828,110190
4371,Bronx,23,Monday,4.258449883449884,84500
4486,Brooklyn,0,Thursday,4.669275967191981,156880
4487,Brooklyn,4,Monday,4.275825346112886,37770
4488,Brooklyn,4,Sunday,4.411764705882352,96710
4489,Brooklyn,4,Thursday,4.238095238095238,35850
4490,Brooklyn,6,Friday,4.771823898305299,112140
4491,Brooklyn,9,Thursday,6.010527604357939,240890
4492,Brooklyn,9,Tuesday,5.944951281509438,231440
4493,Brooklyn,10,Friday,5.991935483870967,238750
4494,Brooklyn,10,Tuesday,5.9664694280078905,218130
4495,Brooklyn,13,Monday,6.136851520572451,213460
4496,Brooklyn,14,Monday,6.42523978850876,235400
4497,Brooklyn,14,Saturday,6.044548943592645,302600
4498,Brooklyn,15,Friday,6.737151302879003,304880
4499,Brooklyn,15,Thursday,6.747835497835498,283530
4500,Brooklyn,15,Wednesday,6.772249226723221,282240
4501,Brooklyn,16,Tuesday,6.707459706176009,272740
4502,Brooklyn,17,Sunday,5.742296124128072,290660
4503,Brooklyn,18,Tuesday,6.239837398373984,295960
4504,Brooklyn,21,Friday,5.46740467404674,346310
4505,Brooklyn,23,Friday,5.038012492620437,349120
4671,Manhattan,0,Friday,4.731182795698925,229310
4672,Manhattan,2,Tuesday,4.272598870056497,39570
4673,Manhattan,3,Friday,4.3066329413859705,62500
4674,Manhattan,4,Friday,4.061302681992337,41410
4675,Manhattan,4,Tuesday,3.84314293820964,24160
4676,Manhattan,5,Sunday,4.084498053481396,55890
4677,Manhattan,5,Thursday,3.9020298595205825,54240
4678,Manhattan,6,Saturday,3.949379178605539,78990
4679,Manhattan,8,Friday,6.069359288008297,341140
4680,Manhattan,14,Sunday,5.913303918614639,333540
4681,Manhattan,15,Thursday,7.232706501984348,324980
4682,Manhattan,16,Thursday,7.187857961053838,325870
4683,Manhattan,17,Friday,6.962616822429906,424910
4684,Manhattan,18,Friday,6.601647327041189,517120
4685,Manhattan,19,Tuesday,5.744949494949495,411910
4686,Manhattan,20,Monday,5.185185185185185,287200
4687,Manhattan,21,Monday,4.93800685690576,255060
4688,Manhattan,21,Tuesday,5.086705202312139,307910
4689,Manhattan,22,Tuesday,4.879990992123345,284840
4806,Queens,0,Sunday,4.0604013823043665,140400
4807,Queens,0,Thursday,3.944444444444444,69580
4808,Queens,2,Saturday,3.9095186569611116,73160
4809,Queens,3,Friday,3.376022126022126,38370
4810,Queens,3,Saturday,3.6901348624827444,60410
4811,Queens,4,Thursday,3.0277348786070846,45080
4812,Queens,5,Friday,3.115538813992422,70860
4813,Queens,6,Friday,3.7215116077006605,106440
4814,Queens,6,Saturday,3.304572172598669,79860
4815,Queens,7,Sunday,3.3152020351696967,78580
4816,Queens,8,Friday,4.742268041237113,191520
4817,Queens,8,Monday,4.782033270213589,177180
4818,Queens,8,Thursday,4.856630824372759,182070
4819,Queens,8,Tuesday,4.875861122965311,178640
4820,Queens,10,Tuesday,4.624862030905078,139080
4821,Queens,11,Saturday,4.763185471465928,160340
4822,Queens,11,Thursday,4.73266735777338,144720
4823,Queens,12,Thursday,4.826398896529007,146720
4824,Queens,13,Sunday,4.668583719794972,148500
4825,Queens,13,Thursday,4.958949096880132,163370
4826,Queens,13,Tuesday,4.8914069877242685,151010
4827,Queens,14,Saturday,4.974899598393574,182730
4828,Queens,15,Saturday,4.99355252262229,186820
4829,Queens,16,Friday,5.506756756756757,205070
4830,Queens,16,Tuesday,5.32258064516129,165830
4831,Queens,17,Sunday,4.639175257731959,153330
4832,Queens,18,Wednesday,5.176199444885011,172060
4833,Queens,20,Sunday,4.3588399720475195,133390
4928,Staten Island,0,Monday,3.2528220313509295,5980
4929,Staten Island,1,Saturday,3.188790560471976,8590
4930,Staten Island,1,Thursday,3.3727518874263804,3560
4931,Staten Island,2,Monday,3.394090519090519,2640
4932,Staten Island,2,Thursday,3.2040627885503232,2970
4933,Staten Island,5,Monday,3.14327485380117,4450
4934,Staten Island,6,Thursday,3.3676975945017182,8470
4935,Staten Island,7,Friday,3.6593204775022956,14270
4936,Staten Island,7,Monday,3.713272543059777,12370
4937,Staten Island,8,Saturday,3.4666869827917766,11840
4938,Staten Island,8,Sunday,3.2799884659746255,7530
4939,Staten Island,10,Monday,3.7043795620437954,12870
4940,Staten Island,11,Friday,3.9055299539170507,15230
4941,Staten Island,13,Wednesday,4.048939503090352,17380
4942,Staten Island,14,Thursday,4.265450861195542,20410
4943,Staten Island,15,Wednesday,4.3068910256410255,19670
4944,Staten Island,16,Saturday,3.967741935483871,18310
4945,Staten Island,17,Sunday,3.6914600550964187,15030
4946,Staten Island,17,Wednesday,4.195079426578846,20340
4947,Staten Island,19,Saturday,3.7460317460317456,17570
4948,Staten Island,20,Tuesday,3.63220337323923,10320
4949,Staten Island,22,Monday,3.3961824953445063,7390
4950,Staten Island,22,Thursday,3.4254641909814323,10160
4951,Staten Island,23,Wednesday,3.394308943089431,8010
4953,Brooklyn,5,Thursday,4.362318840579711,55630
4954,Brooklyn,22,Saturday,5.333333333333333,365850
4959,Manhattan,1,Monday,4.328914664457332,78870
4960,Manhattan,21,Wednesday,5.246913580246913,352050
4974,Bronx,21,Tuesday,4.57456043144208,100700
4978,Brooklyn,5,Monday,4.346264367816093,56390
4989,Manhattan,22,Thursday,5.193236714975845,370290
4995,Queens,4,Friday,3.089815615096514,50980
4996,Queens,7,Saturday,3.5539778199170415,95660
4997,Queens,22,Monday,4.019047619047619,96310
4998,Queens,22,Saturday,4.272398727580059,167040
5006,Staten Island,20,Friday,3.7810945273631837,16990
5007,Bronx,19,Wednesday,5.247987349051179,130780
5009,Brooklyn,8,Friday,6.0507114752141975,260700
5015,Manhattan,21,Saturday,5.98255990788416,507240
0,Bronx,0,Friday,1.9094383684031682,58480
1,Bronx,0,Monday,1.8674866997816548,60930
2,Bronx,0,Saturday,1.9490817433952285,85310
3,Bronx,0,Sunday,1.9669686880880306,98370
4,Bronx,0,Thursday,1.8809292571155998,52700
5,Bronx,0,Tuesday,1.8560971142452871,42550
6,Bronx,0,Wednesday,1.8694482388136007,47230
7,Bronx,1,Friday,1.8926225374578598,40190
8,Bronx,1,Monday,1.8071052969090677,38280
9,Bronx,1,Saturday,1.899430649251232,66470
10,Bronx,1,Sunday,1.8846621504255687,82730
11,Bronx,1,Thursday,1.8478816256534791,33450
12,Bronx,1,Tuesday,1.8142633228840126,26020
13,Bronx,1,Wednesday,1.8332159024562902,30140
14,Bronx,2,Friday,1.7844339917548933,30800
15,Bronx,2,Monday,1.7962521647184893,26330
16,Bronx,2,Saturday,1.904136931214165,52600
17,Bronx,2,Sunday,1.840172145136158,63640
18,Bronx,2,Thursday,1.8216969157887413,24150
19,Bronx,2,Tuesday,1.763519802094037,18850
20,Bronx,2,Wednesday,1.7493007318144556,21150
21,Bronx,3,Friday,1.790495720006338,23880
22,Bronx,3,Monday,1.817839143462971,20610
23,Bronx,3,Saturday,1.800566191915266,40410
24,Bronx,3,Sunday,1.83274231678487,49970
25,Bronx,3,Thursday,1.743601462522852,19280
26,Bronx,3,Tuesday,1.7752790991051768,15290
27,Bronx,3,Wednesday,1.7946631535441209,16960
28,Bronx,4,Friday,1.752325984414518,25310
29,Bronx,4,Monday,1.7343744078543029,22170
30,Bronx,4,Saturday,1.7792114902681249,36390
31,Bronx,4,Sunday,1.7920550525576255,41900
32,Bronx,4,Thursday,1.725393436807693,21720
33,Bronx,4,Tuesday,1.751118810451855,18980
34,Bronx,4,Wednesday,1.703499079189687,20830
35,Bronx,5,Friday,1.925039758696391,37750
36,Bronx,5,Monday,1.8342263200095428,34250
37,Bronx,5,Saturday,1.6969602284201424,34570
38,Bronx,5,Sunday,1.736854627646919,34490
39,Bronx,5,Thursday,1.955193482688391,34260
40,Bronx,5,Tuesday,1.9105220188252678,31860
41,Bronx,5,Wednesday,1.9446345393976452,33370
42,Bronx,6,Friday,2.1504677385645095,64930
43,Bronx,6,Monday,2.2688487819770216,56670
44,Bronx,6,Saturday,1.7372621240024557,45930
45,Bronx,6,Sunday,1.7173095912858187,40480
46,Bronx,6,Thursday,2.281388927573223,59070
47,Bronx,6,Tuesday,2.2294500364291117,56970
48,Bronx,6,Wednesday,2.2735048619251788,58340
49,Bronx,7,Friday,2.3944860555030045,82590
50,Bronx,7,Monday,2.5401574460034677,70870
51,Bronx,7,Saturday,1.8861533697208996,53380
52,Bronx,7,Sunday,1.735997080824667,47000
53,Bronx,7,Thursday,2.737625655370975,75480
54,Bronx,7,Tuesday,2.657486862236413,72690
55,Bronx,7,Wednesday,2.5977401610301922,75420
56,Bronx,8,Friday,2.519783423573511,80510
57,Bronx,8,Monday,2.4841747639274687,72290
58,Bronx,8,Saturday,1.957608823965565,58310
59,Bronx,8,Sunday,1.7953241905242447,43840
60,Bronx,8,Thursday,2.784172661870503,75790
61,Bronx,8,Tuesday,2.649809704711809,73100
62,Bronx,8,Wednesday,2.743086529884032,76700
63,Bronx,9,Friday,2.3408278322383227,69720
64,Bronx,9,Monday,2.2989084802686817,60760
65,Bronx,9,Saturday,2.0798849030046327,62070
66,Bronx,9,Sunday,1.8861255703360968,48040
67,Bronx,9,Thursday,2.523692663084801,67960
68,Bronx,9,Tuesday,2.360597583362787,63120
69,Bronx,9,Wednesday,2.3685992788540737,66100
70,Bronx,10,Friday,2.48105575808852,63330
71,Bronx,10,Monday,2.277963436587399,53730
72,Bronx,10,Saturday,2.1588554663279043,64120
73,Bronx,10,Sunday,1.9649329365545412,53540
74,Bronx,10,Thursday,2.4910497116777353,59590
75,Bronx,10,Tuesday,2.364176461903451,56200
76,Bronx,10,Wednesday,2.419260354987813,59380
77,Bronx,11,Friday,2.56012828276347,60820
78,Bronx,11,Monday,2.317558936542048,50660
79,Bronx,11,Saturday,2.3655220111522715,64600
80,Bronx,11,Sunday,2.0989082024509296,57570
81,Bronx,11,Thursday,2.5034993001399717,58130
82,Bronx,11,Tuesday,2.390431637968216,53380
83,Bronx,11,Wednesday,2.300022748070587,55160
84,Bronx,12,Friday,2.5960914887073114,60930
85,Bronx,12,Monday,2.3299638312502795,51760
86,Bronx,12,Saturday,2.4417163371819903,66950
87,Bronx,12,Sunday,2.251067655652956,59750
88,Bronx,12,Thursday,2.582188931269323,59460
89,Bronx,12,Tuesday,2.451822011260347,54420
90,Bronx,12,Wednesday,2.4297308442045287,56730
91,Bronx,13,Friday,2.803999411851198,59730
92,Bronx,13,Monday,2.4603172303006877,53340
93,Bronx,13,Saturday,2.602307234734405,69650
94,Bronx,13,Sunday,2.3728229005000863,64720
95,Bronx,13,Thursday,2.671723332879588,61470
96,Bronx,13,Tuesday,2.51804985343668,58350
97,Bronx,13,Wednesday,2.556603773584906,60730
98,Bronx,14,Friday,3.0305032204106404,64440
99,Bronx,14,Monday,2.69102662449084,56790
100,Bronx,14,Saturday,2.728544659920388,74720
101,Bronx,14,Sunday,2.471669681860525,69930
102,Bronx,14,Thursday,2.9781432788748923,63930
103,Bronx,14,Tuesday,2.8024037403906137,59490
104,Bronx,14,Wednesday,2.8891179449110047,62490
105,Bronx,15,Friday,3.3611888886810863,62840
106,Bronx,15,Monday,2.8661243869643043,57090
107,Bronx,15,Saturday,2.7154111275233874,79850
108,Bronx,15,Sunday,2.4692520726707654,73330
109,Bronx,15,Thursday,3.218195423760738,61720
110,Bronx,15,Tuesday,3.0369751861213725,61870
111,Bronx,15,Wednesday,3.195895541781473,60970
112,Bronx,16,Friday,3.3201343396576233,64430
113,Bronx,16,Monday,2.8881012583559915,54670
114,Bronx,16,Saturday,2.737146286545368,83050
115,Bronx,16,Sunday,2.467959946837314,73670
116,Bronx,16,Thursday,3.223459900170012,60640
117,Bronx,16,Tuesday,3.1125739624562474,59560
118,Bronx,16,Wednesday,3.2025710172911133,61960
119,Bronx,17,Friday,3.188503113495905,74630
120,Bronx,17,Monday,2.673192771084337,60200
121,Bronx,17,Saturday,2.517596962864258,89550
122,Bronx,17,Sunday,2.3343705432386876,76990
123,Bronx,17,Thursday,3.016083976072564,65220
124,Bronx,17,Tuesday,2.9263005780346822,63980
125,Bronx,17,Wednesday,3.1228319142226426,67330
126,Bronx,18,Friday,2.9353340559769685,86130
127,Bronx,18,Monday,2.392073527228885,63940
128,Bronx,18,Saturday,2.4418253248715627,97660
129,Bronx,18,Sunday,2.241926182237601,81160
130,Bronx,18,Thursday,2.7087246645429675,72280
131,Bronx,18,Tuesday,2.560807075732449,70370
132,Bronx,18,Wednesday,2.6437048629790842,74800
133,Bronx,19,Friday,2.5576781808039213,94830
134,Bronx,19,Monday,2.1344369199899678,63940
135,Bronx,19,Saturday,2.441290170053761,100070
136,Bronx,19,Sunday,2.209065111559762,84290
137,Bronx,19,Thursday,2.3621991502009747,78960
138,Bronx,19,Tuesday,2.2481409302870787,70820
139,Bronx,19,Wednesday,2.3129651390520958,73990
140,Bronx,20,Friday,2.2925403482018045,100430
141,Bronx,20,Monday,1.9933006134378055,62230
142,Bronx,20,Saturday,2.2270320098994754,104190
143,Bronx,20,Sunday,2.136294027565084,82330
144,Bronx,20,Thursday,2.155221499105029,78750
145,Bronx,20,Tuesday,2.0676216986944045,70250
146,Bronx,20,Wednesday,2.1212121212121215,74380
147,Bronx,21,Friday,2.164086337439259,102680
148,Bronx,21,Monday,1.9412815800024859,61190
149,Bronx,21,Saturday,2.1625441696113077,106640
150,Bronx,21,Sunday,2.0849528039977785,84210
151,Bronx,21,Thursday,2.0656658360592974,80040
152,Bronx,21,Tuesday,1.9962361920668663,67160
153,Bronx,21,Wednesday,2.06644152947369,74170
154,Bronx,22,Friday,2.1191927088631894,106570
155,Bronx,22,Monday,1.9343573346277199,61690
156,Bronx,22,Saturday,2.11413435213296,109110
157,Bronx,22,Sunday,2.0312698764037513,85970
158,Bronx,22,Thursday,2.051812566384284,80290
159,Bronx,22,Tuesday,1.942044902445681,70210
160,Bronx,22,Wednesday,2.0210569028894554,76180
161,Bronx,23,Friday,2.038933284729467,101260
162,Bronx,23,Monday,1.8717042104964943,58930
163,Bronx,23,Saturday,2.0474813731556085,108940
164,Bronx,23,Sunday,1.9048478180452588,80580
165,Bronx,23,Thursday,2.0001592244544266,74410
166,Bronx,23,Tuesday,1.9493436341938324,64360
167,Bronx,23,Wednesday,1.9579906594188006,71440
168,Brooklyn,0,Friday,2.3156771253780026,134190
169,Brooklyn,0,Monday,2.002510985561833,104430
170,Brooklyn,0,Saturday,2.2098780609968216,215820
171,Brooklyn,0,Sunday,2.486535333766832,241850
172,Brooklyn,0,Thursday,2.166030534351145,105850
173,Brooklyn,0,Tuesday,2.2210865030330798,73910
174,Brooklyn,0,Wednesday,2.074559414247422,89070
175,Brooklyn,1,Friday,2.4190451846540966,90180
176,Brooklyn,1,Monday,2.0546932742054698,65570
177,Brooklyn,1,Saturday,2.147743306720963,175770
178,Brooklyn,1,Sunday,2.1523637800630437,208960
179,Brooklyn,1,Thursday,2.0747439198039315,66250
180,Brooklyn,1,Tuesday,2.106070567609029,45150
181,Brooklyn,1,Wednesday,2.215560075780636,53240
182,Brooklyn,2,Friday,2.0367361681937615,63020
183,Brooklyn,2,Monday,2.0824535783348486,45610
184,Brooklyn,2,Saturday,2.0081999840777005,137250
185,Brooklyn,2,Sunday,2.0159551530832256,159070
186,Brooklyn,2,Thursday,2.062310339566345,45170
187,Brooklyn,2,Tuesday,2.004599080183963,30190
188,Brooklyn,2,Wednesday,1.9879255518497674,37220
189,Brooklyn,3,Friday,1.8762936687459302,49370
190,Brooklyn,3,Monday,1.9432991189743616,36560
191,Brooklyn,3,Saturday,2.090909090909091,106960
192,Brooklyn,3,Sunday,2.000390320062451,124400
193,Brooklyn,3,Thursday,1.9840681305656676,35310
194,Brooklyn,3,Tuesday,2.1538345647469566,25760
195,Brooklyn,3,Wednesday,1.9316210003225762,30180
196,Brooklyn,4,Friday,1.9221835075493614,50560
197,Brooklyn,4,Monday,1.9114704273789496,42730
198,Brooklyn,4,Saturday,1.9677466354949713,85530
199,Brooklyn,4,Sunday,1.871362632952037,95430
200,Brooklyn,4,Thursday,2.022843402464683,43310
201,Brooklyn,4,Tuesday,2.041773231031543,33810
202,Brooklyn,4,Wednesday,2.026090700771258,38270
203,Brooklyn,5,Friday,2.139705882352941,73850
204,Brooklyn,5,Monday,2.0939544461852537,70070
205,Brooklyn,5,Saturday,2.0296121593291403,71670
206,Brooklyn,5,Sunday,2.032721864154685,73560
207,Brooklyn,5,Thursday,2.1399132777637453,68490
208,Brooklyn,5,Tuesday,2.17377466581795,62790
209,Brooklyn,5,Wednesday,2.1568627450980395,65490
210,Brooklyn,6,Friday,2.4833997343957503,109420
211,Brooklyn,6,Monday,2.5173428429969427,100570
212,Brooklyn,6,Saturday,2.082347206803391,82310
213,Brooklyn,6,Sunday,1.9233903830480847,77780
214,Brooklyn,6,Thursday,2.5168010752688175,106110
215,Brooklyn,6,Tuesday,2.5641025641025643,98640
216,Brooklyn,6,Wednesday,2.555473372781065,102370
217,Brooklyn,7,Friday,2.7590511860174782,124220
218,Brooklyn,7,Monday,2.7109113471406348,113380
219,Brooklyn,7,Saturday,2.1289256553688465,89800
220,Brooklyn,7,Sunday,2.0654620767829193,80720
221,Brooklyn,7,Thursday,2.8926403172528117,124530
222,Brooklyn,7,Tuesday,3.0852234841596546,116080
223,Brooklyn,7,Wednesday,3.08879781420765,120060
224,Brooklyn,8,Friday,2.648048553768893,138760
225,Brooklyn,8,Monday,2.8631485783825643,125920
226,Brooklyn,8,Saturday,2.2657988741139725,103300
227,Brooklyn,8,Sunday,1.9814052735863437,83780
228,Brooklyn,8,Thursday,2.8291727851199218,137240
229,Brooklyn,8,Tuesday,2.852527467958179,130020
230,Brooklyn,8,Wednesday,2.878563189981875,135570
231,Brooklyn,9,Friday,2.718926553672316,134080
232,Brooklyn,9,Monday,2.725508033020403,121850
233,Brooklyn,9,Saturday,2.3993315843383787,117030
234,Brooklyn,9,Sunday,2.137376235704882,98960
235,Brooklyn,9,Thursday,2.7278645833333335,130310
236,Brooklyn,9,Tuesday,2.9263861745552333,121980
237,Brooklyn,9,Wednesday,2.7881245689542995,129300
238,Brooklyn,10,Friday,2.629142300194932,125090
239,Brooklyn,10,Monday,2.6294611074999223,107160
240,Brooklyn,10,Saturday,2.814638378497074,130500
241,Brooklyn,10,Sunday,2.381392483056069,119020
242,Brooklyn,10,Thursday,2.8563691710086467,118300
243,Brooklyn,10,Tuesday,2.5988172027586383,109650
244,Brooklyn,10,Wednesday,2.817083692838654,114260
245,Brooklyn,11,Friday,2.6625737982238435,119180
246,Brooklyn,11,Monday,2.6700367647058822,103130
247,Brooklyn,11,Saturday,2.637563703655861,145970
248,Brooklyn,11,Sunday,2.5725789362153,135360
249,Brooklyn,11,Thursday,2.731484655362535,115200
250,Brooklyn,11,Tuesday,2.6977113075005663,104170
251,Brooklyn,11,Wednesday,2.718641652188955,110150
252,Brooklyn,12,Friday,2.939731459147748,123100
253,Brooklyn,12,Monday,2.6183706928848656,104820
254,Brooklyn,12,Saturday,3.0185158141437842,157830
255,Brooklyn,12,Sunday,2.7592580623152965,143150
256,Brooklyn,12,Thursday,2.725180802103879,117080
257,Brooklyn,12,Tuesday,2.6218704308048966,105320
258,Brooklyn,12,Wednesday,2.594940195750631,110220
259,Brooklyn,13,Friday,3.196606528469434,124500
260,Brooklyn,13,Monday,2.5958373893292546,105280
261,Brooklyn,13,Saturday,2.808988764044944,162360
262,Brooklyn,13,Sunday,2.729885057471264,146200
263,Brooklyn,13,Thursday,2.9103253415483152,118310
264,Brooklyn,13,Tuesday,2.690397141741225,107240
265,Brooklyn,13,Wednesday,2.7598870056497176,110140
266,Brooklyn,14,Friday,3.5394700765223464,129100
267,Brooklyn,14,Monday,2.9704116038294544,108420
268,Brooklyn,14,Saturday,3.0572688566525477,168390
269,Brooklyn,14,Sunday,2.992991561399876,151410
270,Brooklyn,14,Thursday,3.324450916239968,122450
271,Brooklyn,14,Tuesday,2.951588212782242,111340
272,Brooklyn,14,Wednesday,3.0836094007288963,117490
273,Brooklyn,15,Friday,3.5474124163598324,131060
274,Brooklyn,15,Monday,3.09585109367971,110610
275,Brooklyn,15,Saturday,2.8463476070528966,177780
276,Brooklyn,15,Sunday,2.7921790934178565,155480
277,Brooklyn,15,Thursday,3.2369122059897606,122260
278,Brooklyn,15,Tuesday,3.1645606268609905,111080
279,Brooklyn,15,Wednesday,3.1218122820531695,116080
280,Brooklyn,16,Friday,3.5623697216197288,141160
281,Brooklyn,16,Monday,2.97396109943735,110330
282,Brooklyn,16,Saturday,2.7699515407047883,185180
283,Brooklyn,16,Sunday,2.749028451539476,159120
284,Brooklyn,16,Thursday,3.3166211998328787,126630
285,Brooklyn,16,Tuesday,3.225280326197757,112910
286,Brooklyn,16,Wednesday,3.228696874003835,122380
287,Brooklyn,17,Friday,3.318658617953672,163210
288,Brooklyn,17,Monday,2.829936564530355,122200
289,Brooklyn,17,Saturday,2.7347445932410546,201920
290,Brooklyn,17,Sunday,2.6342373740268177,168250
291,Brooklyn,17,Thursday,3.1627400514749553,143170
292,Brooklyn,17,Tuesday,2.9573008994344505,128890
293,Brooklyn,17,Wednesday,3.1381798002219754,139310
294,Brooklyn,18,Friday,2.9866240412598026,196680
295,Brooklyn,18,Monday,2.554577793663074,136280
296,Brooklyn,18,Saturday,2.6149119253539777,225680
297,Brooklyn,18,Sunday,2.6236978973463483,171940
298,Brooklyn,18,Thursday,2.757282591266236,168420
299,Brooklyn,18,Tuesday,3.156232506236373,150570
300,Brooklyn,18,Wednesday,2.7312135502061343,162960
301,Brooklyn,19,Friday,2.870677216788343,215430
302,Brooklyn,19,Monday,2.5206782464846977,133550
303,Brooklyn,19,Saturday,2.587696735077569,231400
304,Brooklyn,19,Sunday,2.623340815759721,166890
305,Brooklyn,19,Thursday,2.52515847225694,172440
306,Brooklyn,19,Tuesday,2.6472285293552065,148320
307,Brooklyn,19,Wednesday,2.713472485768501,163100
308,Brooklyn,20,Friday,2.8381018039756407,203780
309,Brooklyn,20,Monday,2.265179034769071,123970
310,Brooklyn,20,Saturday,2.508350033400134,226430
311,Brooklyn,20,Sunday,2.62691658340745,161480
312,Brooklyn,20,Thursday,2.474456959406745,166140
313,Brooklyn,20,Tuesday,2.276250168486319,139190
314,Brooklyn,20,Wednesday,2.3098278683378703,154300
315,Brooklyn,21,Friday,2.3474723497937386,203410
316,Brooklyn,21,Monday,2.306924434972208,120660
317,Brooklyn,21,Saturday,2.361176286563429,227530
318,Brooklyn,21,Sunday,2.6773999287512495,160970
319,Brooklyn,21,Thursday,2.3531424194441226,168180
320,Brooklyn,21,Tuesday,2.4814077294205665,141890
321,Brooklyn,21,Wednesday,2.337090453682382,156780
322,Brooklyn,22,Friday,2.6562845813577782,232460
323,Brooklyn,22,Monday,2.299700825196436,124140
324,Brooklyn,22,Saturday,2.26123595505618,253880
325,Brooklyn,22,Sunday,2.561196126581228,161390
326,Brooklyn,22,Thursday,2.2642813931380172,183960
327,Brooklyn,22,Tuesday,2.492815269153923,148770
328,Brooklyn,22,Wednesday,2.3113704209381436,164890
329,Brooklyn,23,Friday,2.3874430551516914,241960
330,Brooklyn,23,Monday,2.4205828594194747,108070
331,Brooklyn,23,Saturday,2.5865817515422487,258970
332,Brooklyn,23,Sunday,2.0931528060842917,143670
333,Brooklyn,23,Thursday,2.4329072735600317,171590
334,Brooklyn,23,Tuesday,2.348454040992176,129300
335,Brooklyn,23,Wednesday,2.1969465303025153,146510
336,EWR,0,Friday,2.1399548888975213,100
337,EWR,0,Monday,1.7049757858462349,80
338,EWR,0,Saturday,2.118819984417856,140
339,EWR,0,Sunday,1.842422237404508,80
340,EWR,0,Thursday,2.065426555484285,70
341,EWR,0,Tuesday,1.798261073904359,80
342,EWR,0,Wednesday,1.6669068342294935,60
343,EWR,1,Friday,1.8992955723222686,100
344,EWR,1,Monday,1.8213427911081954,160
345,EWR,1,Saturday,1.7612752721617417,210
346,EWR,1,Sunday,1.658472835895202,190
347,EWR,1,Thursday,2.0747439198039315,160
348,EWR,1,Tuesday,1.807896264388342,140
349,EWR,1,Wednesday,1.9514924905956228,150
350,EWR,2,Friday,1.867032575605344,710
351,EWR,2,Monday,1.7206517471535139,680
352,EWR,2,Saturday,1.8771669143140166,600
353,EWR,2,Sunday,1.7518761137464547,800
354,EWR,2,Thursday,1.8612698990298817,780
355,EWR,2,Tuesday,1.7507519713402067,640
356,EWR,2,Wednesday,1.6721672167216721,630
357,EWR,3,Friday,1.805770221535291,2950
358,EWR,3,Monday,1.8053735255570118,2850
359,EWR,3,Saturday,1.7682494684620838,2680
360,EWR,3,Sunday,1.8929576864687714,2410
361,EWR,3,Thursday,1.8114509027170795,3010
362,EWR,3,Tuesday,1.7665268623926502,2360
363,EWR,3,Wednesday,1.772369714847591,2350
364,EWR,4,Friday,1.720114717768218,7160
365,EWR,4,Monday,1.686127396315255,6280
366,EWR,4,Saturday,1.7321654864492928,6270
367,EWR,4,Sunday,1.8107432209802212,5510
368,EWR,4,Thursday,1.788466147226681,6400
369,EWR,4,Tuesday,1.732353596081051,5260
370,EWR,4,Wednesday,1.732081264090331,5540
371,EWR,5,Friday,1.7850007655981757,11700
372,EWR,5,Monday,1.7931970878104737,8790
373,EWR,5,Saturday,1.8417852780847581,9010
374,EWR,5,Sunday,1.8307689417422834,8640
375,EWR,5,Thursday,1.8403732721649897,10200
376,EWR,5,Tuesday,1.8803284998120031,8030
377,EWR,5,Wednesday,1.9372047902492633,8610
378,EWR,6,Friday,1.9045215345588078,13020
379,EWR,6,Monday,1.884495870009384,10700
380,EWR,6,Saturday,1.8191861350675622,11520
381,EWR,6,Sunday,1.8771250219084288,10950
382,EWR,6,Thursday,2.0613514398544623,12490
383,EWR,6,Tuesday,1.9724698102357676,8880
384,EWR,6,Wednesday,2.0149463055903514,10300
385,EWR,7,Friday,2.0852212800305114,10890
386,EWR,7,Monday,2.197052031493536,9180
387,EWR,7,Saturday,1.8211333004772663,9790
388,EWR,7,Sunday,1.8124293208519193,10410
389,EWR,7,Thursday,2.007824992300783,9900
390,EWR,7,Tuesday,2.101242086796986,6980
391,EWR,7,Wednesday,2.0153085699342723,7440
392,EWR,8,Friday,2.0209036014492394,8560
393,EWR,8,Monday,1.95977857201784,7030
394,EWR,8,Saturday,1.9384993849938497,7550
395,EWR,8,Sunday,1.8294668294668295,9540
396,EWR,8,Thursday,2.2259453890203718,7200
397,EWR,8,Tuesday,1.97212085505934,5210
398,EWR,8,Wednesday,2.0423608978660326,5880
399,EWR,9,Friday,2.05265361755281,5800
400,EWR,9,Monday,2.002398081534772,5190
401,EWR,9,Saturday,1.977181611182532,4960
402,EWR,9,Sunday,1.8304949954654588,6070
403,EWR,9,Thursday,2.023375481602151,4870
404,EWR,9,Tuesday,1.9374757606434208,3640
405,EWR,9,Wednesday,2.0103515807903536,4300
406,EWR,10,Friday,2.171610905216472,5470
407,EWR,10,Monday,1.912253160418682,4590
408,EWR,10,Saturday,2.085718402710749,4440
409,EWR,10,Sunday,2.0466374795267215,6060
410,EWR,10,Thursday,2.1092958428373922,4630
411,EWR,10,Tuesday,2.027499722622908,4080
412,EWR,10,Wednesday,2.0039631237110225,3990
413,EWR,11,Friday,2.206330406538195,6230
414,EWR,11,Monday,1.9970329221920362,5590
415,EWR,11,Saturday,2.367066552286637,4350
416,EWR,11,Sunday,2.0738160188043557,6890
417,EWR,11,Thursday,2.277492184321024,5300
418,EWR,11,Tuesday,2.0506912442396312,4450
419,EWR,11,Wednesday,1.8360047088653446,4360
420,EWR,12,Friday,2.307971964314815,7410
421,EWR,12,Monday,1.9670752223023313,8060
422,EWR,12,Saturday,2.544180449580371,5130
423,EWR,12,Sunday,2.3987401915113216,8310
424,EWR,12,Thursday,2.2249648144916936,7300
425,EWR,12,Tuesday,1.9480308132230946,5760
426,EWR,12,Wednesday,2.0537545285865466,6390
427,EWR,13,Friday,2.38815085529742,7500
428,EWR,13,Monday,2.019788491499018,7470
429,EWR,13,Saturday,2.509626982552813,4580
430,EWR,13,Sunday,2.4590912936961065,8910
431,EWR,13,Thursday,2.341048384299496,8070
432,EWR,13,Tuesday,2.2560531356955917,5880
433,EWR,13,Wednesday,2.2272684982340105,6330
434,EWR,14,Friday,2.5337428330251863,5800
435,EWR,14,Monday,2.392657312933708,7780
436,EWR,14,Saturday,2.675371223758321,4920
437,EWR,14,Sunday,2.3026054931335826,9250
438,EWR,14,Thursday,2.5043481322307195,7910
439,EWR,14,Tuesday,2.49214711772271,6520
440,EWR,14,Wednesday,2.4244555736874682,7250
441,EWR,15,Friday,2.4995209977182076,4450
442,EWR,15,Monday,2.4577539129233927,7850
443,EWR,15,Saturday,2.4330171743964852,5470
444,EWR,15,Sunday,2.1659676452965844,10030
445,EWR,15,Thursday,2.1728834291367587,7350
446,EWR,15,Tuesday,2.110344651018273,5600
447,EWR,15,Wednesday,2.5234444150307764,6810
448,EWR,16,Friday,2.69104973807981,3080
449,EWR,16,Monday,2.154087341556415,5680
450,EWR,16,Saturday,2.608590545759314,5140
451,EWR,16,Sunday,2.6854570366020747,9680
452,EWR,16,Thursday,2.581504039736987,5740
453,EWR,16,Tuesday,2.6415732571964226,4340
454,EWR,16,Wednesday,2.2698643410852712,4540
455,EWR,17,Friday,2.4717912430383757,2700
456,EWR,17,Monday,2.4421586843165324,3350
457,EWR,17,Saturday,2.302631578947368,3150
458,EWR,17,Sunday,2.167143693662118,6470
459,EWR,17,Thursday,2.5576538369281865,3550
460,EWR,17,Tuesday,2.3556934381483425,2910
461,EWR,17,Wednesday,2.4741112273340624,2930
462,EWR,18,Friday,2.382973105503376,2000
463,EWR,18,Monday,2.068154322269279,2490
464,EWR,18,Saturday,2.3221216041397152,2730
465,EWR,18,Sunday,2.229081339065092,4520
466,EWR,18,Thursday,2.463656144362581,2720
467,EWR,18,Tuesday,2.4444089508682003,1940
468,EWR,18,Wednesday,2.350466193112823,2090
469,EWR,19,Friday,2.380828123688545,1550
470,EWR,19,Monday,2.1246839226718315,1840
471,EWR,19,Saturday,2.2245675906537823,2020
472,EWR,19,Sunday,2.19802574224597,2390
473,EWR,19,Thursday,2.4368597148001676,1810
474,EWR,19,Tuesday,2.6472285293552065,1260
475,EWR,19,Wednesday,2.322528526709078,1350
476,EWR,20,Friday,2.2630180989292246,1330
477,EWR,20,Monday,2.086439474618388,1110
478,EWR,20,Saturday,2.177318295739348,1240
479,EWR,20,Sunday,2.108690453000074,1140
480,EWR,20,Thursday,2.3136466513607203,1220
481,EWR,20,Tuesday,2.134539000987309,780
482,EWR,20,Wednesday,2.222851429501359,890
483,EWR,21,Friday,2.161751012479553,630
484,EWR,21,Monday,1.910966497763857,490
485,EWR,21,Saturday,2.19494132990084,500
486,EWR,21,Sunday,2.1976858677429583,430
487,EWR,21,Thursday,2.0086220623651467,560
488,EWR,21,Tuesday,2.2354300808981344,330
489,EWR,21,Wednesday,1.8726659151664757,440
490,EWR,22,Friday,1.6812227074235808,160
491,EWR,22,Monday,1.9227566154260138,180
492,EWR,22,Saturday,2.0118856542424375,140
493,EWR,22,Sunday,1.97119928124798,240
494,EWR,22,Thursday,1.9264013359653935,260
495,EWR,22,Tuesday,1.9159263203055892,150
496,EWR,22,Wednesday,1.8644175085935908,170
497,EWR,23,Friday,1.979116465863454,140
498,EWR,23,Monday,1.7468781540753624,120
499,EWR,23,Saturday,2.1511347561362206,100
500,EWR,23,Sunday,1.8242530353388504,190
501,EWR,23,Thursday,1.9596727603704611,210
502,EWR,23,Tuesday,1.5363314746438381,100
503,EWR,23,Wednesday,1.7967922529883493,130
504,Manhattan,0,Friday,2.5571469626356125,176570
505,Manhattan,0,Monday,2.7556396181356484,137940
506,Manhattan,0,Saturday,2.7798679540466074,263960
507,Manhattan,0,Sunday,2.9810996563573884,290710
508,Manhattan,0,Thursday,2.8304145123431708,140090
509,Manhattan,0,Tuesday,2.6772247360482653,98920
510,Manhattan,0,Wednesday,2.471711680381035,118530
511,Manhattan,1,Friday,2.7698786032886558,116620
512,Manhattan,1,Monday,2.657061240514726,83920
513,Manhattan,1,Saturday,2.821898244262861,214740
514,Manhattan,1,Sunday,2.8047822442363817,249840
515,Manhattan,1,Thursday,2.6893939393939394,86270
516,Manhattan,1,Tuesday,2.620649933309082,58400
517,Manhattan,1,Wednesday,2.7164945364802904,71800
518,Manhattan,2,Friday,2.702697997607427,81660
519,Manhattan,2,Monday,2.5015290519877675,56970
520,Manhattan,2,Saturday,2.751958603346552,166370
521,Manhattan,2,Sunday,2.712977377364115,190770
522,Manhattan,2,Thursday,2.630448127685697,60370
523,Manhattan,2,Tuesday,2.5976809888371957,40510
524,Manhattan,2,Wednesday,2.6179604261796046,48580
525,Manhattan,3,Friday,2.4757556112273473,62340
526,Manhattan,3,Monday,2.3424690456602573,46530
527,Manhattan,3,Saturday,2.6824747315776585,130010
528,Manhattan,3,Sunday,2.608187134502924,150290
529,Manhattan,3,Thursday,2.442375886524823,46110
530,Manhattan,3,Tuesday,2.1500872037198526,33410
531,Manhattan,3,Wednesday,2.3418621179815213,38400
532,Manhattan,4,Friday,2.44958988380041,73920
533,Manhattan,4,Monday,2.1355530457534266,65350
534,Manhattan,4,Saturday,2.338084687862392,110820
535,Manhattan,4,Sunday,2.611814345991561,122140
536,Manhattan,4,Thursday,2.1804335331084035,64750
537,Manhattan,4,Tuesday,2.4243464807669675,52220
538,Manhattan,4,Wednesday,2.1801491107362114,57470
539,Manhattan,5,Friday,2.482859070214367,117410
540,Manhattan,5,Monday,2.523019224692642,108080
541,Manhattan,5,Saturday,2.1843866007419983,103690
542,Manhattan,5,Sunday,2.497512382571768,105520
543,Manhattan,5,Thursday,2.22299309950424,108800
544,Manhattan,5,Tuesday,2.2836954616890535,95410
545,Manhattan,5,Wednesday,2.3640587236546695,102000
546,Manhattan,6,Friday,2.5484167342561554,179020
547,Manhattan,6,Monday,2.6297822625421174,163430
548,Manhattan,6,Saturday,2.447774750227066,135720
549,Manhattan,6,Sunday,2.3488071019049377,125170
550,Manhattan,6,Thursday,2.6319642994604173,170390
551,Manhattan,6,Tuesday,2.681610203701182,156160
552,Manhattan,6,Wednesday,2.6677747834988423,162940
553,Manhattan,7,Friday,3.0432553432553435,205460
554,Manhattan,7,Monday,3.241226818840949,186880
555,Manhattan,7,Saturday,2.2707431960618925,143560
556,Manhattan,7,Sunday,2.139428140374168,130010
557,Manhattan,7,Thursday,3.14172329285953,200370
558,Manhattan,7,Tuesday,3.2339981019310877,189670
559,Manhattan,7,Wednesday,3.1286826052252503,197550
560,Manhattan,8,Friday,3.846371882086168,214800
561,Manhattan,8,Monday,3.9358059875002107,196430
562,Manhattan,8,Saturday,2.7437135823117176,157080
563,Manhattan,8,Sunday,2.3696911196911197,132480
564,Manhattan,8,Thursday,3.755376462982631,211510
565,Manhattan,8,Tuesday,4.015594541910331,201370
566,Manhattan,8,Wednesday,3.9173333333333336,209130
567,Manhattan,9,Friday,3.5984124892958302,198800
568,Manhattan,9,Monday,3.6732596968918574,181090
569,Manhattan,9,Saturday,2.6430064035084975,171670
570,Manhattan,9,Sunday,2.370485201358564,147380
571,Manhattan,9,Thursday,3.877454009413357,194310
572,Manhattan,9,Tuesday,3.819344761112481,179610
573,Manhattan,9,Wednesday,3.858811040339703,190680
574,Manhattan,10,Friday,3.16454412898518,191890
575,Manhattan,10,Monday,3.0312805454817093,162960
576,Manhattan,10,Saturday,2.835208299596049,188930
577,Manhattan,10,Sunday,2.509414061347414,170670
578,Manhattan,10,Thursday,3.2969624936600197,177070
579,Manhattan,10,Tuesday,3.6085904416212946,163470
580,Manhattan,10,Wednesday,3.57347055460263,172590
581,Manhattan,11,Friday,3.5572139303482584,182500
582,Manhattan,11,Monday,3.0083050987597977,156910
583,Manhattan,11,Saturday,3.0848205433085765,200760
584,Manhattan,11,Sunday,2.7198238025972024,192290
585,Manhattan,11,Thursday,3.3448944729263066,171860
586,Manhattan,11,Tuesday,3.5189393939393936,155390
587,Manhattan,11,Wednesday,3.230177079340468,165510
588,Manhattan,12,Friday,3.3322585546394787,185570
589,Manhattan,12,Monday,2.9707964888046203,163410
590,Manhattan,12,Saturday,3.5119579843145763,211350
591,Manhattan,12,Sunday,3.117954485399713,202160
592,Manhattan,12,Thursday,3.339608942417346,179840
593,Manhattan,12,Tuesday,3.095794144999717,159650
594,Manhattan,12,Wednesday,3.216206761796978,168860
595,Manhattan,13,Friday,3.533224076396027,183180
596,Manhattan,13,Monday,3.05099304896557,161620
597,Manhattan,13,Saturday,3.7411935629035833,216940
598,Manhattan,13,Sunday,3.2989624586813724,210550
599,Manhattan,13,Thursday,3.456426671176406,182840
600,Manhattan,13,Tuesday,3.213986067394492,161460
601,Manhattan,13,Wednesday,3.489687292082502,169580
602,Manhattan,14,Friday,4.5248433075698475,187070
603,Manhattan,14,Monday,3.3136475774850407,167640
604,Manhattan,14,Saturday,3.422242737826953,224490
605,Manhattan,14,Sunday,3.0627121458692126,219250
606,Manhattan,14,Thursday,3.896170659008617,186850
607,Manhattan,14,Tuesday,3.542215142313532,168340
608,Manhattan,14,Wednesday,3.7296769095010394,176240
609,Manhattan,15,Friday,4.788752166044924,181260
610,Manhattan,15,Monday,3.5656986504612616,166750
611,Manhattan,15,Saturday,3.46102379953628,233730
612,Manhattan,15,Sunday,3.098280253369026,226110
613,Manhattan,15,Thursday,4.274436170672798,180480
614,Manhattan,15,Tuesday,3.85776794330017,166430
615,Manhattan,15,Wednesday,4.224588938714499,172820
616,Manhattan,16,Friday,4.779170724699744,186040
617,Manhattan,16,Monday,3.669204207874832,161100
618,Manhattan,16,Saturday,3.5022581947899427,241290
619,Manhattan,16,Sunday,3.0522779138605345,226140
620,Manhattan,16,Thursday,4.469507372707739,176330
621,Manhattan,16,Tuesday,4.042902914020207,163940
622,Manhattan,16,Wednesday,4.328583520533666,172970
623,Manhattan,17,Friday,4.489571899012075,213670
624,Manhattan,17,Monday,3.964581548129106,172460
625,Manhattan,17,Saturday,3.5147167878506855,259070
626,Manhattan,17,Sunday,3.032554172628933,229390
627,Manhattan,17,Thursday,4.374983999272622,194380
628,Manhattan,17,Tuesday,3.9244001074233017,180530
629,Manhattan,17,Wednesday,4.150180516939629,191410
630,Manhattan,18,Friday,3.9362744916856407,254790
631,Manhattan,18,Monday,3.18498085996712,186750
632,Manhattan,18,Saturday,3.48287091790206,285250
633,Manhattan,18,Sunday,3.0183731474775826,235700
634,Manhattan,18,Thursday,3.860193884462206,228640
635,Manhattan,18,Tuesday,3.541198959069,205950
636,Manhattan,18,Wednesday,3.6667969987329743,220980
637,Manhattan,19,Friday,3.54862152994349,278350
638,Manhattan,19,Monday,2.806431126911837,182120
639,Manhattan,19,Saturday,3.429864253393665,287560
640,Manhattan,19,Sunday,2.9588546400105207,226020
641,Manhattan,19,Thursday,3.570640409322201,237350
642,Manhattan,19,Tuesday,3.424764890282132,203540
643,Manhattan,19,Wednesday,3.414150212930701,220360
644,Manhattan,20,Friday,3.1502601159640413,269770
645,Manhattan,20,Monday,2.9141544645420616,170410
646,Manhattan,20,Saturday,3.1625773937879034,282330
647,Manhattan,20,Sunday,2.8871067155247916,215190
648,Manhattan,20,Thursday,3.3029612756264237,227620
649,Manhattan,20,Tuesday,2.764275200979152,192510
650,Manhattan,20,Wednesday,3.2623682076236817,211600
651,Manhattan,21,Friday,2.923643027459117,270870
652,Manhattan,21,Monday,2.568256701055385,164980
653,Manhattan,21,Saturday,3.0681879095406277,286040
654,Manhattan,21,Sunday,3.069218484850052,215180
655,Manhattan,21,Thursday,3.1866197183098595,232400
656,Manhattan,21,Tuesday,3.0138682516097077,190470
657,Manhattan,21,Wednesday,2.764283735602226,212940
658,Manhattan,22,Friday,3.261599929051915,299680
659,Manhattan,22,Monday,2.6008749707895085,167220
660,Manhattan,22,Saturday,3.3119339824812934,311530
661,Manhattan,22,Sunday,2.730069117519568,215020
662,Manhattan,22,Thursday,3.088245351278527,246850
663,Manhattan,22,Tuesday,2.6491667405553803,198670
664,Manhattan,22,Wednesday,2.712627441513157,220570
665,Manhattan,23,Friday,2.871159296930718,304740
666,Manhattan,23,Monday,2.49905314209263,145650
667,Manhattan,23,Saturday,3.20318805488297,315630
668,Manhattan,23,Sunday,2.8774853801169593,194790
669,Manhattan,23,Thursday,2.6705807106925765,225180
670,Manhattan,23,Tuesday,2.5540019147270483,173920
671,Manhattan,23,Wednesday,2.641603459511104,197760
672,Queens,0,Friday,2.120744421706494,96950
673,Queens,0,Monday,1.9148400100781051,93700
674,Queens,0,Saturday,2.1482711633452563,140530
675,Queens,0,Sunday,1.9852732936845088,159610
676,Queens,0,Thursday,2.2239646305224117,80660
677,Queens,0,Tuesday,1.8857312018946124,67320
678,Queens,0,Wednesday,2.0455009939895197,70240
679,Queens,1,Friday,1.9522365428354815,63390
680,Queens,1,Monday,1.8220893103382585,56020
681,Queens,1,Saturday,2.315560351981424,107490
682,Queens,1,Sunday,1.9528023598820057,131420
683,Queens,1,Thursday,2.1302715193529753,48780
684,Queens,1,Tuesday,2.0524573266323003,38760
685,Queens,1,Wednesday,2.1196843489697503,41230
686,Queens,2,Friday,1.919478005370617,46430
687,Queens,2,Monday,1.7962521647184893,39390
688,Queens,2,Saturday,2.005791505791506,83750
689,Queens,2,Sunday,1.8856085287226583,100600
690,Queens,2,Thursday,1.8729335788231407,35930
691,Queens,2,Tuesday,1.9954241603917784,27360
692,Queens,2,Wednesday,1.8606403013182673,30580
693,Queens,3,Friday,1.8654914727549134,45870
694,Queens,3,Monday,1.8358974358974358,38840
695,Queens,3,Saturday,1.9498697916666665,74880
696,Queens,3,Sunday,1.942876026247221,89090
697,Queens,3,Thursday,1.8667778395404855,35940
698,Queens,3,Tuesday,1.8248366013071895,28470
699,Queens,3,Wednesday,1.7948039648783143,32050
700,Queens,4,Friday,1.9138090824837812,68810
701,Queens,4,Monday,1.87918142463597,60810
702,Queens,4,Saturday,1.977657004830918,82860
703,Queens,4,Sunday,1.9177977733719687,91200
704,Queens,4,Thursday,1.9155510475859616,62720
705,Queens,4,Tuesday,1.8428672811464806,48270
706,Queens,4,Wednesday,1.8747805179542167,53330
707,Queens,5,Friday,1.9214533883322629,106450
708,Queens,5,Monday,2.002126836813612,99570
709,Queens,5,Saturday,1.927860696517413,90910
710,Queens,5,Sunday,1.925040309495154,93460
711,Queens,5,Thursday,2.0059474697469746,99390
712,Queens,5,Tuesday,1.9614921780986765,85400
713,Queens,5,Wednesday,2.00211403345147,90430
714,Queens,6,Friday,2.1991116339069228,139220
715,Queens,6,Monday,2.329683923715339,128550
716,Queens,6,Saturday,1.8884522867835154,107950
717,Queens,6,Sunday,1.8717439967439966,102430
718,Queens,6,Thursday,2.261380323054332,133910
719,Queens,6,Tuesday,2.2306269961338043,119200
720,Queens,6,Wednesday,2.3486078840406366,123060
721,Queens,7,Friday,2.517117117117117,142060
722,Queens,7,Monday,2.5185612210581643,130580
723,Queens,7,Saturday,1.9993047996628626,110690
724,Queens,7,Sunday,1.915894095139493,99510
725,Queens,7,Thursday,2.585093896713615,134350
726,Queens,7,Tuesday,2.590068249354262,123680
727,Queens,7,Wednesday,2.6396490565516997,128650
728,Queens,8,Friday,2.519783423573511,143710
729,Queens,8,Monday,2.573385518590998,133820
730,Queens,8,Saturday,2.119651347068146,113070
731,Queens,8,Sunday,1.9418962862577316,100760
732,Queens,8,Thursday,2.784172661870503,135540
733,Queens,8,Tuesday,2.649809704711809,126780
734,Queens,8,Wednesday,2.743086529884032,131260
735,Queens,9,Friday,2.7216990106544903,133400
736,Queens,9,Monday,2.4976765799256504,124800
737,Queens,9,Saturday,2.1851851851851856,122000
738,Queens,9,Sunday,1.9459378733572281,113130
739,Queens,9,Thursday,2.74143172295953,124970
740,Queens,9,Tuesday,2.728269020014997,113460
741,Queens,9,Wednesday,2.4043808939465894,118460
742,Queens,10,Friday,2.492565558258989,130640
743,Queens,10,Monday,2.4134910205869473,117060
744,Queens,10,Saturday,2.3839485458612977,129450
745,Queens,10,Sunday,2.150511045169799,125520
746,Queens,10,Thursday,2.479179362177534,120740
747,Queens,10,Tuesday,2.646728913038494,108990
748,Queens,10,Wednesday,2.820995399414471,114170
749,Queens,11,Friday,2.702078521939954,125510
750,Queens,11,Monday,2.68635573210074,113420
751,Queens,11,Saturday,2.5971605850300787,134370
752,Queens,11,Sunday,2.247688436442804,135090
753,Queens,11,Thursday,2.73224043715847,117370
754,Queens,11,Tuesday,2.390431637968216,104510
755,Queens,11,Wednesday,2.6822958119360174,109230
756,Queens,12,Friday,2.7355502771179734,131470
757,Queens,12,Monday,2.661420497636344,115130
758,Queens,12,Saturday,2.7801455440462606,138400
759,Queens,12,Sunday,2.542004872898111,143140
760,Queens,12,Thursday,2.8570253372820003,125470
761,Queens,12,Tuesday,2.499029879705083,108050
762,Queens,12,Wednesday,2.5511947668367183,114070
763,Queens,13,Friday,2.9022015682627558,135920
764,Queens,13,Monday,2.4989812268065474,120100
765,Queens,13,Saturday,2.9381918819188195,144930
766,Queens,13,Sunday,2.5109250668202447,148870
767,Queens,13,Thursday,2.6675162253236158,127920
768,Queens,13,Tuesday,2.51804985343668,112080
769,Queens,13,Wednesday,2.5657580105212814,116220
770,Queens,14,Friday,3.426987233249464,138120
771,Queens,14,Monday,2.7671589921807125,123550
772,Queens,14,Saturday,2.7839014188005202,153530
773,Queens,14,Sunday,2.770689918408931,158460
774,Queens,14,Thursday,3.093550673281361,129050
775,Queens,14,Tuesday,3.201739127703676,116030
776,Queens,14,Wednesday,2.9788306451612905,119520
777,Queens,15,Friday,3.689721421709894,133230
778,Queens,15,Monday,2.8685689580631215,123150
779,Queens,15,Saturday,2.7526026367489784,155860
780,Queens,15,Sunday,2.4664806634116094,164150
781,Queens,15,Thursday,3.36802114304592,130170
782,Queens,15,Tuesday,3.0369751861213725,113520
783,Queens,15,Wednesday,3.199538638985006,121930
784,Queens,16,Friday,3.7522026217817377,136630
785,Queens,16,Monday,2.94002306805075,120630
786,Queens,16,Saturday,2.8052503052503055,154680
787,Queens,16,Sunday,2.5122704802259888,162460
788,Queens,16,Thursday,3.6742006615214997,127850
789,Queens,16,Tuesday,3.1716469387192014,110850
790,Queens,16,Wednesday,3.5242714004384226,119260
791,Queens,17,Friday,3.5066049065019724,151350
792,Queens,17,Monday,2.8212616822429903,123500
793,Queens,17,Saturday,2.73009798831324,158720
794,Queens,17,Sunday,2.5466533156534554,164480
795,Queens,17,Thursday,3.201822556875748,136920
796,Queens,17,Tuesday,2.955399061032864,118670
797,Queens,17,Wednesday,3.054396538402102,128290
798,Queens,18,Friday,3.247196489517308,165740
799,Queens,18,Monday,2.4793096630229075,125590
800,Queens,18,Saturday,2.622964082975224,171430
801,Queens,18,Sunday,2.5556572125648063,160290
802,Queens,18,Thursday,2.738859434550808,145150
803,Queens,18,Tuesday,2.6631420456489754,126630
804,Queens,18,Wednesday,2.6493058407952024,133970
805,Queens,19,Friday,2.7227300426569165,170430
806,Queens,19,Monday,2.182916387461842,119470
807,Queens,19,Saturday,2.6143765095504756,165490
808,Queens,19,Sunday,2.4437341856438937,151160
809,Queens,19,Thursday,3.001046572475144,141680
810,Queens,19,Tuesday,2.478153921271348,121800
811,Queens,19,Wednesday,2.3361387401173173,130230
812,Queens,20,Friday,2.396692420198093,162550
813,Queens,20,Monday,2.086439474618388,108490
814,Queens,20,Saturday,2.4857773437348616,164860
815,Queens,20,Sunday,2.49600365481513,145920
816,Queens,20,Thursday,2.380871528770383,135760
817,Queens,20,Tuesday,2.0836548850131194,114400
818,Queens,20,Wednesday,2.4870142231649943,120190
819,Queens,21,Friday,2.438778772103058,156660
820,Queens,21,Monday,1.9728209934395502,103640
821,Queens,21,Saturday,2.1625441696113077,164650
822,Queens,21,Sunday,2.2449139280125197,140490
823,Queens,21,Thursday,2.168083171215392,130620
824,Queens,21,Tuesday,2.092120679554774,108630
825,Queens,21,Wednesday,2.06644152947369,119820
826,Queens,22,Friday,2.1911021556468615,166790
827,Queens,22,Monday,2.0109168843346055,103970
828,Queens,22,Saturday,2.179151230384627,176310
829,Queens,22,Sunday,2.132453345471097,137310
830,Queens,22,Thursday,2.080433101314772,136420
831,Queens,22,Tuesday,2.1657516550944615,110780
832,Queens,22,Wednesday,2.0050908126377984,119680
833,Queens,23,Friday,2.3505675736635636,168750
834,Queens,23,Monday,1.9791405903617747,93380
835,Queens,23,Saturday,2.1363010555300597,178510
836,Queens,23,Sunday,2.0115709835336,131430
837,Queens,23,Thursday,2.180903810738065,124360
838,Queens,23,Tuesday,2.1600930650360217,97490
839,Queens,23,Wednesday,2.2080522850534696,108230
840,Staten Island,0,Friday,1.750954401648811,3170
841,Staten Island,0,Monday,1.7624858356229334,2900
842,Staten Island,0,Saturday,1.9761492622945473,4760
843,Staten Island,0,Sunday,1.9367127228014558,5780
844,Staten Island,0,Thursday,1.848643996477556,2490
845,Staten Island,0,Tuesday,1.922369872952868,1860
846,Staten Island,0,Wednesday,1.8725099601593624,2210
847,Staten Island,1,Friday,1.7316555384882912,2220
848,Staten Island,1,Monday,1.7277172817100221,1870
849,Staten Island,1,Saturday,1.7382607386855333,3680
850,Staten Island,1,Sunday,1.873697300264142,5300
851,Staten Island,1,Thursday,1.7153512171657535,1730
852,Staten Island,1,Tuesday,1.826699519927269,1490
853,Staten Island,1,Wednesday,1.7177634728020466,1480
854,Staten Island,2,Friday,1.7810783935013113,1800
855,Staten Island,2,Monday,1.7146974063400577,1300
856,Staten Island,2,Saturday,1.8771669143140166,3130
857,Staten Island,2,Sunday,1.7518761137464547,3600
858,Staten Island,2,Thursday,1.8311714340476763,980
859,Staten Island,2,Tuesday,1.8090810064671803,790
860,Staten Island,2,Wednesday,1.531951640759931,1000
861,Staten Island,3,Friday,1.7563423390982442,1270
862,Staten Island,3,Monday,1.8020093509588375,1190
863,Staten Island,3,Saturday,1.7325680272108845,2480
864,Staten Island,3,Sunday,1.7995320307532878,3280
865,Staten Island,3,Thursday,1.799998209920406,1210
866,Staten Island,3,Tuesday,1.772170539743101,770
867,Staten Island,3,Wednesday,1.7345163535142658,1140
868,Staten Island,4,Friday,1.7483471059455482,1760
869,Staten Island,4,Monday,1.6978713105132428,1360
870,Staten Island,4,Saturday,1.7297938331151799,2250
871,Staten Island,4,Sunday,1.784077847826682,2500
872,Staten Island,4,Thursday,1.680576106202111,1420
873,Staten Island,4,Tuesday,1.7354401088961868,1180
874,Staten Island,4,Wednesday,1.7320196710378046,1420
875,Staten Island,5,Friday,1.7850007655981757,2320
876,Staten Island,5,Monday,1.7839514878014384,2540
877,Staten Island,5,Saturday,1.852745926372963,2190
878,Staten Island,5,Sunday,1.7461812094580456,2590
879,Staten Island,5,Thursday,1.8814174805910344,2540
880,Staten Island,5,Tuesday,1.8029817450140517,2310
881,Staten Island,5,Wednesday,1.9082621223147496,2480
882,Staten Island,6,Friday,1.9002482509591514,3750
883,Staten Island,6,Monday,1.9575555863166967,3240
884,Staten Island,6,Saturday,1.6619270967980204,3330
885,Staten Island,6,Sunday,1.7078826287051823,2750
886,Staten Island,6,Thursday,2.004965859714463,3770
887,Staten Island,6,Tuesday,1.9274780799524447,3290
888,Staten Island,6,Wednesday,2.062733056795669,3090
889,Staten Island,7,Friday,2.0511531803205454,4180
890,Staten Island,7,Monday,2.021954641920546,3950
891,Staten Island,7,Saturday,1.7871555401821744,3320
892,Staten Island,7,Sunday,1.6624436449441908,2870
893,Staten Island,7,Thursday,2.283739837398374,4290
894,Staten Island,7,Tuesday,2.1877110060769747,3280
895,Staten Island,7,Wednesday,2.2153123383756568,3500
896,Staten Island,8,Friday,2.2694776550759026,4720
897,Staten Island,8,Monday,2.1758916058249973,3930
898,Staten Island,8,Saturday,1.8197913641672234,3250
899,Staten Island,8,Sunday,1.7652924839608568,2980
900,Staten Island,8,Thursday,2.3161804774422343,4140
901,Staten Island,8,Tuesday,2.3915901186564903,3820
902,Staten Island,8,Wednesday,2.3989071038251364,4100
903,Staten Island,9,Friday,2.154656346570711,4240
904,Staten Island,9,Monday,2.1647329165966447,3650
905,Staten Island,9,Saturday,1.9878182789972525,3210
906,Staten Island,9,Sunday,1.8110680864795095,2800
907,Staten Island,9,Thursday,2.305417981880828,3920
908,Staten Island,9,Tuesday,2.249415537597317,3270
909,Staten Island,9,Wednesday,2.22066502808124,4060
910,Staten Island,10,Friday,2.12019466884125,4220
911,Staten Island,10,Monday,2.1320503510045996,2900
912,Staten Island,10,Saturday,2.07778845972775,3760
913,Staten Island,10,Sunday,1.9150071123755334,3190
914,Staten Island,10,Thursday,2.306677773150076,3130
915,Staten Island,10,Tuesday,2.2906919475210485,3430
916,Staten Island,10,Wednesday,2.3178791637117024,3410
917,Staten Island,11,Friday,2.23935389133627,4160
918,Staten Island,11,Monday,2.1511401806683104,3550
919,Staten Island,11,Saturday,2.273140703606403,3910
920,Staten Island,11,Sunday,2.0182786393672965,3620
921,Staten Island,11,Thursday,2.428477826163805,3540
922,Staten Island,11,Tuesday,2.332806353174749,3300
923,Staten Island,11,Wednesday,2.180367178634399,3570
924,Staten Island,12,Friday,2.3351255892537486,4100
925,Staten Island,12,Monday,2.0916404630463,3200
926,Staten Island,12,Saturday,2.397135537790267,4200
927,Staten Island,12,Sunday,2.0978521894680093,3890
928,Staten Island,12,Thursday,2.429496270514538,4010
929,Staten Island,12,Tuesday,2.341929304577013,3120
930,Staten Island,12,Wednesday,2.1436778036789663,3530
931,Staten Island,13,Friday,2.3175319789315276,3470
932,Staten Island,13,Monday,2.3118508570836918,3330
933,Staten Island,13,Saturday,2.280143274564664,4320
934,Staten Island,13,Sunday,2.242201133040822,3830
935,Staten Island,13,Thursday,2.434346884366705,4190
936,Staten Island,13,Tuesday,2.0039270327680008,3270
937,Staten Island,13,Wednesday,2.3593612079147857,3320
938,Staten Island,14,Friday,2.55171765499587,4570
939,Staten Island,14,Monday,2.4189322037427563,3520
940,Staten Island,14,Saturday,2.3034603763311283,4490
941,Staten Island,14,Sunday,2.4166864819149456,4200
942,Staten Island,14,Thursday,2.5903487337364908,3990
943,Staten Island,14,Tuesday,2.519172061528952,3320
944,Staten Island,14,Wednesday,2.4090118126612987,3790
945,Staten Island,15,Friday,2.6652229708052615,4020
946,Staten Island,15,Monday,2.444352313969996,3490
947,Staten Island,15,Saturday,2.2669820293337337,4770
948,Staten Island,15,Sunday,2.3256152663336316,4020
949,Staten Island,15,Thursday,2.5760382893314806,3740
950,Staten Island,15,Tuesday,2.457182173843287,3800
951,Staten Island,15,Wednesday,2.7266536547700753,3450
952,Staten Island,16,Friday,2.6670086619944118,3880
953,Staten Island,16,Monday,2.482747186945635,3250
954,Staten Island,16,Saturday,2.3275228003747586,4840
955,Staten Island,16,Sunday,2.3327620446693325,4130
956,Staten Island,16,Thursday,2.6846720783052263,3450
957,Staten Island,16,Tuesday,2.3800025160514577,3380
958,Staten Island,16,Wednesday,2.587731296103879,3630
959,Staten Island,17,Friday,2.5664383328625022,4640
960,Staten Island,17,Monday,2.356647337297492,3690
961,Staten Island,17,Saturday,2.281630587130051,5510
962,Staten Island,17,Sunday,2.3343705432386876,4500
963,Staten Island,17,Thursday,2.512904195035535,3920
964,Staten Island,17,Tuesday,2.5699113203591097,3880
965,Staten Island,17,Wednesday,2.7256929232746283,4130
966,Staten Island,18,Friday,2.396147341866323,5180
967,Staten Island,18,Monday,2.2029495558907324,3730
968,Staten Island,18,Saturday,2.1215449172851404,5610
969,Staten Island,18,Sunday,2.1191966614501827,4630
970,Staten Island,18,Thursday,2.514903698512254,4210
971,Staten Island,18,Tuesday,2.260597628670377,3860
972,Staten Island,18,Wednesday,2.3680324665633785,4080
973,Staten Island,19,Friday,2.2866398570151922,5430
974,Staten Island,19,Monday,2.0330907830907834,3500
975,Staten Island,19,Saturday,2.1206098728838527,6160
976,Staten Island,19,Sunday,2.1029855030550912,4490
977,Staten Island,19,Thursday,2.138157268421443,4440
978,Staten Island,19,Tuesday,2.095374004043287,3820
979,Staten Island,19,Wednesday,2.207283792429755,3990
980,Staten Island,20,Friday,2.045682730923695,5280
981,Staten Island,20,Monday,1.866124615341182,3730
982,Staten Island,20,Saturday,2.176580712429892,5290
983,Staten Island,20,Sunday,2.2177208743928483,4440
984,Staten Island,20,Thursday,2.1171733999722337,4130
985,Staten Island,20,Tuesday,1.949367088607595,3870
986,Staten Island,20,Wednesday,1.8730609636866133,4000
987,Staten Island,21,Friday,1.9133831217968562,5310
988,Staten Island,21,Monday,1.901488589530664,3560
989,Staten Island,21,Saturday,2.071260767423649,5420
990,Staten Island,21,Sunday,2.1396396396396398,4860
991,Staten Island,21,Thursday,2.030821863873004,3860
992,Staten Island,21,Tuesday,2.037915236848622,3840
993,Staten Island,21,Wednesday,2.110013952511967,3610
994,Staten Island,22,Friday,2.0144859342202777,5240
995,Staten Island,22,Monday,1.9835372994702944,3080
996,Staten Island,22,Saturday,2.0024875621890548,6050
997,Staten Island,22,Sunday,2.0068334819304994,4570
998,Staten Island,22,Thursday,2.0445777968281185,4120
999,Staten Island,22,Tuesday,2.0533919401365246,3180
1000,Staten Island,22,Wednesday,2.0748377243222604,3750
1001,Staten Island,23,Friday,1.9851303239279434,5430
1002,Staten Island,23,Monday,1.8694878590209094,2570
1003,Staten Island,23,Saturday,2.051084274323817,6010
1004,Staten Island,23,Sunday,1.8915434155642554,4240
1005,Staten Island,23,Thursday,1.9961226401876742,3750
1006,Staten Island,23,Tuesday,2.062764456981664,3090
1007,Staten Island,23,Wednesday,1.869290904209772,3010
